,Family,Genus,Genome,Frequency
0,AA3,Phytophthora,"('GCF_000149755.1', 'Oomycete', 'Phytophthora', 'sojae')",9
1,AA6,Phytophthora,"('GCF_000149755.1', 'Oomycete', 'Phytophthora', 'sojae')",8
2,CBM43,Phytophthora,"('GCF_000149755.1', 'Oomycete', 'Phytophthora', 'sojae')",4
3,GH0,Phytophthora,"('GCF_000149755.1', 'Oomycete', 'Phytophthora', 'sojae')",1
4,GH17,Phytophthora,"('GCF_000149755.1', 'Oomycete', 'Phytophthora', 'sojae')",11
5,GH2,Phytophthora,"('GCF_000149755.1', 'Oomycete', 'Phytophthora', 'sojae')",1
6,GH3,Phytophthora,"('GCF_000149755.1', 'Oomycete', 'Phytophthora', 'sojae')",23
7,GH31,Phytophthora,"('GCF_000149755.1', 'Oomycete', 'Phytophthora', 'sojae')",7
8,GH37,Phytophthora,"('GCF_000149755.1', 'Oomycete', 'Phytophthora', 'sojae')",2
9,GH38,Phytophthora,"('GCF_000149755.1', 'Oomycete', 'Phytophthora', 'sojae')",1
10,GH47,Phytophthora,"('GCF_000149755.1', 'Oomycete', 'Phytophthora', 'sojae')",5
11,GH5,Phytophthora,"('GCF_000149755.1', 'Oomycete', 'Phytophthora', 'sojae')",25
12,GH63,Phytophthora,"('GCF_000149755.1', 'Oomycete', 'Phytophthora', 'sojae')",1
13,GH72,Phytophthora,"('GCF_000149755.1', 'Oomycete', 'Phytophthora', 'sojae')",14
14,GT1,Phytophthora,"('GCF_000149755.1', 'Oomycete', 'Phytophthora', 'sojae')",7
15,GT2,Phytophthora,"('GCF_000149755.1', 'Oomycete', 'Phytophthora', 'sojae')",6
16,GT20,Phytophthora,"('GCF_000149755.1', 'Oomycete', 'Phytophthora', 'sojae')",9
17,GT22,Phytophthora,"('GCF_000149755.1', 'Oomycete', 'Phytophthora', 'sojae')",3
18,GT33,Phytophthora,"('GCF_000149755.1', 'Oomycete', 'Phytophthora', 'sojae')",1
19,GT4,Phytophthora,"('GCF_000149755.1', 'Oomycete', 'Phytophthora', 'sojae')",5
20,GT41,Phytophthora,"('GCF_000149755.1', 'Oomycete', 'Phytophthora', 'sojae')",1
21,GT48,Phytophthora,"('GCF_000149755.1', 'Oomycete', 'Phytophthora', 'sojae')",7
22,GT50,Phytophthora,"('GCF_000149755.1', 'Oomycete', 'Phytophthora', 'sojae')",1
23,GT57,Phytophthora,"('GCF_000149755.1', 'Oomycete', 'Phytophthora', 'sojae')",2
24,GT58,Phytophthora,"('GCF_000149755.1', 'Oomycete', 'Phytophthora', 'sojae')",1
25,GT66,Phytophthora,"('GCF_000149755.1', 'Oomycete', 'Phytophthora', 'sojae')",1
26,GT71,Phytophthora,"('GCF_000149755.1', 'Oomycete', 'Phytophthora', 'sojae')",33
27,AA3,Aspergillus,"('GCA_002234985.1', 'Fungi', 'Aspergillus', 'fumigatus')",13
28,AA6,Aspergillus,"('GCA_002234985.1', 'Fungi', 'Aspergillus', 'fumigatus')",1
29,CBM43,Aspergillus,"('GCA_002234985.1', 'Fungi', 'Aspergillus', 'fumigatus')",4
30,GH0,Aspergillus,"('GCA_002234985.1', 'Fungi', 'Aspergillus', 'fumigatus')",2
31,GH17,Aspergillus,"('GCA_002234985.1', 'Fungi', 'Aspergillus', 'fumigatus')",5
32,GH2,Aspergillus,"('GCA_002234985.1', 'Fungi', 'Aspergillus', 'fumigatus')",6
33,GH3,Aspergillus,"('GCA_002234985.1', 'Fungi', 'Aspergillus', 'fumigatus')",18
34,GH31,Aspergillus,"('GCA_002234985.1', 'Fungi', 'Aspergillus', 'fumigatus')",6
35,GH37,Aspergillus,"('GCA_002234985.1', 'Fungi', 'Aspergillus', 'fumigatus')",1
36,GH38,Aspergillus,"('GCA_002234985.1', 'Fungi', 'Aspergillus', 'fumigatus')",1
37,GH47,Aspergillus,"('GCA_002234985.1', 'Fungi', 'Aspergillus', 'fumigatus')",5
38,GH5,Aspergillus,"('GCA_002234985.1', 'Fungi', 'Aspergillus', 'fumigatus')",13
39,GH63,Aspergillus,"('GCA_002234985.1', 'Fungi', 'Aspergillus', 'fumigatus')",1
40,GH72,Aspergillus,"('GCA_002234985.1', 'Fungi', 'Aspergillus', 'fumigatus')",7
41,GT1,Aspergillus,"('GCA_002234985.1', 'Fungi', 'Aspergillus', 'fumigatus')",5
42,GT2,Aspergillus,"('GCA_002234985.1', 'Fungi', 'Aspergillus', 'fumigatus')",15
43,GT20,Aspergillus,"('GCA_002234985.1', 'Fungi', 'Aspergillus', 'fumigatus')",7
44,GT22,Aspergillus,"('GCA_002234985.1', 'Fungi', 'Aspergillus', 'fumigatus')",4
45,GT33,Aspergillus,"('GCA_002234985.1', 'Fungi', 'Aspergillus', 'fumigatus')",1
46,GT4,Aspergillus,"('GCA_002234985.1', 'Fungi', 'Aspergillus', 'fumigatus')",5
47,GT41,Aspergillus,"('GCA_002234985.1', 'Fungi', 'Aspergillus', 'fumigatus')",1
48,GT48,Aspergillus,"('GCA_002234985.1', 'Fungi', 'Aspergillus', 'fumigatus')",1
49,GT50,Aspergillus,"('GCA_002234985.1', 'Fungi', 'Aspergillus', 'fumigatus')",1
50,GT57,Aspergillus,"('GCA_002234985.1', 'Fungi', 'Aspergillus', 'fumigatus')",2
51,GT58,Aspergillus,"('GCA_002234985.1', 'Fungi', 'Aspergillus', 'fumigatus')",1
52,GT66,Aspergillus,"('GCA_002234985.1', 'Fungi', 'Aspergillus', 'fumigatus')",1
53,GT71,Aspergillus,"('GCA_002234985.1', 'Fungi', 'Aspergillus', 'fumigatus')",3
54,AA3,Fusarium,"('GCA_900044135.1', 'Fungi', 'Fusarium', 'graminearum')",21
55,AA6,Fusarium,"('GCA_900044135.1', 'Fungi', 'Fusarium', 'graminearum')",1
56,CBM43,Fusarium,"('GCA_900044135.1', 'Fungi', 'Fusarium', 'graminearum')",1
57,GH0,Fusarium,"('GCA_900044135.1', 'Fungi', 'Fusarium', 'graminearum')",3
58,GH17,Fusarium,"('GCA_900044135.1', 'Fungi', 'Fusarium', 'graminearum')",6
59,GH2,Fusarium,"('GCA_900044135.1', 'Fungi', 'Fusarium', 'graminearum')",10
60,GH3,Fusarium,"('GCA_900044135.1', 'Fungi', 'Fusarium', 'graminearum')",21
61,GH31,Fusarium,"('GCA_900044135.1', 'Fungi', 'Fusarium', 'graminearum')",8
62,GH37,Fusarium,"('GCA_900044135.1', 'Fungi', 'Fusarium', 'graminearum')",2
63,GH38,Fusarium,"('GCA_900044135.1', 'Fungi', 'Fusarium', 'graminearum')",1
64,GH47,Fusarium,"('GCA_900044135.1', 'Fungi', 'Fusarium', 'graminearum')",10
65,GH5,Fusarium,"('GCA_900044135.1', 'Fungi', 'Fusarium', 'graminearum')",14
66,GH63,Fusarium,"('GCA_900044135.1', 'Fungi', 'Fusarium', 'graminearum')",1
67,GH72,Fusarium,"('GCA_900044135.1', 'Fungi', 'Fusarium', 'graminearum')",3
68,GT1,Fusarium,"('GCA_900044135.1', 'Fungi', 'Fusarium', 'graminearum')",17
69,GT2,Fusarium,"('GCA_900044135.1', 'Fungi', 'Fusarium', 'graminearum')",19
70,GT20,Fusarium,"('GCA_900044135.1', 'Fungi', 'Fusarium', 'graminearum')",3
71,GT22,Fusarium,"('GCA_900044135.1', 'Fungi', 'Fusarium', 'graminearum')",4
72,GT33,Fusarium,"('GCA_900044135.1', 'Fungi', 'Fusarium', 'graminearum')",1
73,GT4,Fusarium,"('GCA_900044135.1', 'Fungi', 'Fusarium', 'graminearum')",5
74,GT41,Fusarium,"('GCA_900044135.1', 'Fungi', 'Fusarium', 'graminearum')",1
75,GT48,Fusarium,"('GCA_900044135.1', 'Fungi', 'Fusarium', 'graminearum')",1
76,GT50,Fusarium,"('GCA_900044135.1', 'Fungi', 'Fusarium', 'graminearum')",1
77,GT57,Fusarium,"('GCA_900044135.1', 'Fungi', 'Fusarium', 'graminearum')",2
78,GT58,Fusarium,"('GCA_900044135.1', 'Fungi', 'Fusarium', 'graminearum')",1
79,GT66,Fusarium,"('GCA_900044135.1', 'Fungi', 'Fusarium', 'graminearum')",1
80,GT71,Fusarium,"('GCA_900044135.1', 'Fungi', 'Fusarium', 'graminearum')",4
81,AA3,Ustilago,"('GCA_900080155.1', 'Fungi', 'Ustilago', 'bromivora')",8
82,AA6,Ustilago,"('GCA_900080155.1', 'Fungi', 'Ustilago', 'bromivora')",1
83,CBM43,Ustilago,"('GCA_900080155.1', 'Fungi', 'Ustilago', 'bromivora')",1
84,GH0,Ustilago,"('GCA_900080155.1', 'Fungi', 'Ustilago', 'bromivora')",4
85,GH17,Ustilago,"('GCA_900080155.1', 'Fungi', 'Ustilago', 'bromivora')",2
86,GH2,Ustilago,"('GCA_900080155.1', 'Fungi', 'Ustilago', 'bromivora')",2
87,GH3,Ustilago,"('GCA_900080155.1', 'Fungi', 'Ustilago', 'bromivora')",4
88,GH31,Ustilago,"('GCA_900080155.1', 'Fungi', 'Ustilago', 'bromivora')",3
89,GH37,Ustilago,"('GCA_900080155.1', 'Fungi', 'Ustilago', 'bromivora')",2
90,GH38,Ustilago,"('GCA_900080155.1', 'Fungi', 'Ustilago', 'bromivora')",1
91,GH47,Ustilago,"('GCA_900080155.1', 'Fungi', 'Ustilago', 'bromivora')",3
92,GH5,Ustilago,"('GCA_900080155.1', 'Fungi', 'Ustilago', 'bromivora')",10
93,GH63,Ustilago,"('GCA_900080155.1', 'Fungi', 'Ustilago', 'bromivora')",1
94,GH72,Ustilago,"('GCA_900080155.1', 'Fungi', 'Ustilago', 'bromivora')",1
95,GT1,Ustilago,"('GCA_900080155.1', 'Fungi', 'Ustilago', 'bromivora')",5
96,GT2,Ustilago,"('GCA_900080155.1', 'Fungi', 'Ustilago', 'bromivora')",15
97,GT20,Ustilago,"('GCA_900080155.1', 'Fungi', 'Ustilago', 'bromivora')",3
98,GT22,Ustilago,"('GCA_900080155.1', 'Fungi', 'Ustilago', 'bromivora')",4
99,GT33,Ustilago,"('GCA_900080155.1', 'Fungi', 'Ustilago', 'bromivora')",1
100,GT4,Ustilago,"('GCA_900080155.1', 'Fungi', 'Ustilago', 'bromivora')",4
101,GT41,Ustilago,"('GCA_900080155.1', 'Fungi', 'Ustilago', 'bromivora')",1
102,GT48,Ustilago,"('GCA_900080155.1', 'Fungi', 'Ustilago', 'bromivora')",1
103,GT50,Ustilago,"('GCA_900080155.1', 'Fungi', 'Ustilago', 'bromivora')",1
104,GT57,Ustilago,"('GCA_900080155.1', 'Fungi', 'Ustilago', 'bromivora')",2
105,GT58,Ustilago,"('GCA_900080155.1', 'Fungi', 'Ustilago', 'bromivora')",1
106,GT66,Ustilago,"('GCA_900080155.1', 'Fungi', 'Ustilago', 'bromivora')",1
107,GT71,Ustilago,"('GCA_900080155.1', 'Fungi', 'Ustilago', 'bromivora')",2
108,AA3,Fusarium,"('GCA_003615215.1', 'Fungi', 'Fusarium', 'proliferatum')",29
109,AA6,Fusarium,"('GCA_003615215.1', 'Fungi', 'Fusarium', 'proliferatum')",2
110,CBM43,Fusarium,"('GCA_003615215.1', 'Fungi', 'Fusarium', 'proliferatum')",1
111,GH0,Fusarium,"('GCA_003615215.1', 'Fungi', 'Fusarium', 'proliferatum')",3
112,GH17,Fusarium,"('GCA_003615215.1', 'Fungi', 'Fusarium', 'proliferatum')",6
113,GH2,Fusarium,"('GCA_003615215.1', 'Fungi', 'Fusarium', 'proliferatum')",10
114,GH3,Fusarium,"('GCA_003615215.1', 'Fungi', 'Fusarium', 'proliferatum')",25
115,GH31,Fusarium,"('GCA_003615215.1', 'Fungi', 'Fusarium', 'proliferatum')",8
116,GH37,Fusarium,"('GCA_003615215.1', 'Fungi', 'Fusarium', 'proliferatum')",2
117,GH38,Fusarium,"('GCA_003615215.1', 'Fungi', 'Fusarium', 'proliferatum')",1
118,GH47,Fusarium,"('GCA_003615215.1', 'Fungi', 'Fusarium', 'proliferatum')",10
119,GH5,Fusarium,"('GCA_003615215.1', 'Fungi', 'Fusarium', 'proliferatum')",19
120,GH63,Fusarium,"('GCA_003615215.1', 'Fungi', 'Fusarium', 'proliferatum')",1
121,GH72,Fusarium,"('GCA_003615215.1', 'Fungi', 'Fusarium', 'proliferatum')",3
122,GT1,Fusarium,"('GCA_003615215.1', 'Fungi', 'Fusarium', 'proliferatum')",11
123,GT2,Fusarium,"('GCA_003615215.1', 'Fungi', 'Fusarium', 'proliferatum')",21
124,GT20,Fusarium,"('GCA_003615215.1', 'Fungi', 'Fusarium', 'proliferatum')",3
125,GT22,Fusarium,"('GCA_003615215.1', 'Fungi', 'Fusarium', 'proliferatum')",4
126,GT33,Fusarium,"('GCA_003615215.1', 'Fungi', 'Fusarium', 'proliferatum')",1
127,GT4,Fusarium,"('GCA_003615215.1', 'Fungi', 'Fusarium', 'proliferatum')",5
128,GT41,Fusarium,"('GCA_003615215.1', 'Fungi', 'Fusarium', 'proliferatum')",2
129,GT48,Fusarium,"('GCA_003615215.1', 'Fungi', 'Fusarium', 'proliferatum')",1
130,GT50,Fusarium,"('GCA_003615215.1', 'Fungi', 'Fusarium', 'proliferatum')",1
131,GT57,Fusarium,"('GCA_003615215.1', 'Fungi', 'Fusarium', 'proliferatum')",2
132,GT58,Fusarium,"('GCA_003615215.1', 'Fungi', 'Fusarium', 'proliferatum')",1
133,GT66,Fusarium,"('GCA_003615215.1', 'Fungi', 'Fusarium', 'proliferatum')",1
134,GT71,Fusarium,"('GCA_003615215.1', 'Fungi', 'Fusarium', 'proliferatum')",3
135,AA3,Aspergillus,"('GCF_000002855.3', 'Fungi', 'Aspergillus', 'niger')",32
136,AA6,Aspergillus,"('GCF_000002855.3', 'Fungi', 'Aspergillus', 'niger')",1
137,CBM43,Aspergillus,"('GCF_000002855.3', 'Fungi', 'Aspergillus', 'niger')",4
138,GH0,Aspergillus,"('GCF_000002855.3', 'Fungi', 'Aspergillus', 'niger')",3
139,GH17,Aspergillus,"('GCF_000002855.3', 'Fungi', 'Aspergillus', 'niger')",5
140,GH2,Aspergillus,"('GCF_000002855.3', 'Fungi', 'Aspergillus', 'niger')",6
141,GH3,Aspergillus,"('GCF_000002855.3', 'Fungi', 'Aspergillus', 'niger')",17
142,GH31,Aspergillus,"('GCF_000002855.3', 'Fungi', 'Aspergillus', 'niger')",7
143,GH37,Aspergillus,"('GCF_000002855.3', 'Fungi', 'Aspergillus', 'niger')",1
144,GH38,Aspergillus,"('GCF_000002855.3', 'Fungi', 'Aspergillus', 'niger')",1
145,GH47,Aspergillus,"('GCF_000002855.3', 'Fungi', 'Aspergillus', 'niger')",5
146,GH5,Aspergillus,"('GCF_000002855.3', 'Fungi', 'Aspergillus', 'niger')",10
147,GH63,Aspergillus,"('GCF_000002855.3', 'Fungi', 'Aspergillus', 'niger')",1
148,GH72,Aspergillus,"('GCF_000002855.3', 'Fungi', 'Aspergillus', 'niger')",7
149,GT1,Aspergillus,"('GCF_000002855.3', 'Fungi', 'Aspergillus', 'niger')",10
150,GT2,Aspergillus,"('GCF_000002855.3', 'Fungi', 'Aspergillus', 'niger')",16
151,GT20,Aspergillus,"('GCF_000002855.3', 'Fungi', 'Aspergillus', 'niger')",6
152,GT22,Aspergillus,"('GCF_000002855.3', 'Fungi', 'Aspergillus', 'niger')",3
153,GT33,Aspergillus,"('GCF_000002855.3', 'Fungi', 'Aspergillus', 'niger')",1
154,GT4,Aspergillus,"('GCF_000002855.3', 'Fungi', 'Aspergillus', 'niger')",5
155,GT41,Aspergillus,"('GCF_000002855.3', 'Fungi', 'Aspergillus', 'niger')",1
156,GT48,Aspergillus,"('GCF_000002855.3', 'Fungi', 'Aspergillus', 'niger')",1
157,GT50,Aspergillus,"('GCF_000002855.3', 'Fungi', 'Aspergillus', 'niger')",1
158,GT57,Aspergillus,"('GCF_000002855.3', 'Fungi', 'Aspergillus', 'niger')",2
159,GT58,Aspergillus,"('GCF_000002855.3', 'Fungi', 'Aspergillus', 'niger')",1
160,GT66,Aspergillus,"('GCF_000002855.3', 'Fungi', 'Aspergillus', 'niger')",1
161,GT71,Aspergillus,"('GCF_000002855.3', 'Fungi', 'Aspergillus', 'niger')",4
162,AA3,Rhynchosporium,"('GCA_900074905.1', 'Fungi', 'Rhynchosporium', 'agropyri')",23
163,AA6,Rhynchosporium,"('GCA_900074905.1', 'Fungi', 'Rhynchosporium', 'agropyri')",1
164,CBM43,Rhynchosporium,"('GCA_900074905.1', 'Fungi', 'Rhynchosporium', 'agropyri')",2
165,GH0,Rhynchosporium,"('GCA_900074905.1', 'Fungi', 'Rhynchosporium', 'agropyri')",2
166,GH17,Rhynchosporium,"('GCA_900074905.1', 'Fungi', 'Rhynchosporium', 'agropyri')",7
167,GH2,Rhynchosporium,"('GCA_900074905.1', 'Fungi', 'Rhynchosporium', 'agropyri')",2
168,GH3,Rhynchosporium,"('GCA_900074905.1', 'Fungi', 'Rhynchosporium', 'agropyri')",19
169,GH31,Rhynchosporium,"('GCA_900074905.1', 'Fungi', 'Rhynchosporium', 'agropyri')",7
170,GH37,Rhynchosporium,"('GCA_900074905.1', 'Fungi', 'Rhynchosporium', 'agropyri')",1
171,GH38,Rhynchosporium,"('GCA_900074905.1', 'Fungi', 'Rhynchosporium', 'agropyri')",2
172,GH47,Rhynchosporium,"('GCA_900074905.1', 'Fungi', 'Rhynchosporium', 'agropyri')",7
173,GH5,Rhynchosporium,"('GCA_900074905.1', 'Fungi', 'Rhynchosporium', 'agropyri')",13
174,GH63,Rhynchosporium,"('GCA_900074905.1', 'Fungi', 'Rhynchosporium', 'agropyri')",1
175,GH72,Rhynchosporium,"('GCA_900074905.1', 'Fungi', 'Rhynchosporium', 'agropyri')",7
176,GT1,Rhynchosporium,"('GCA_900074905.1', 'Fungi', 'Rhynchosporium', 'agropyri')",11
177,GT2,Rhynchosporium,"('GCA_900074905.1', 'Fungi', 'Rhynchosporium', 'agropyri')",14
178,GT20,Rhynchosporium,"('GCA_900074905.1', 'Fungi', 'Rhynchosporium', 'agropyri')",3
179,GT22,Rhynchosporium,"('GCA_900074905.1', 'Fungi', 'Rhynchosporium', 'agropyri')",4
180,GT33,Rhynchosporium,"('GCA_900074905.1', 'Fungi', 'Rhynchosporium', 'agropyri')",1
181,GT4,Rhynchosporium,"('GCA_900074905.1', 'Fungi', 'Rhynchosporium', 'agropyri')",5
182,GT41,Rhynchosporium,"('GCA_900074905.1', 'Fungi', 'Rhynchosporium', 'agropyri')",1
183,GT48,Rhynchosporium,"('GCA_900074905.1', 'Fungi', 'Rhynchosporium', 'agropyri')",1
184,GT50,Rhynchosporium,"('GCA_900074905.1', 'Fungi', 'Rhynchosporium', 'agropyri')",1
185,GT57,Rhynchosporium,"('GCA_900074905.1', 'Fungi', 'Rhynchosporium', 'agropyri')",2
186,GT58,Rhynchosporium,"('GCA_900074905.1', 'Fungi', 'Rhynchosporium', 'agropyri')",1
187,GT66,Rhynchosporium,"('GCA_900074905.1', 'Fungi', 'Rhynchosporium', 'agropyri')",1
188,GT71,Rhynchosporium,"('GCA_900074905.1', 'Fungi', 'Rhynchosporium', 'agropyri')",1
189,AA3,Fusarium,"('GCA_900029915.1', 'Fungi', 'Fusarium', 'proliferatum')",29
190,AA6,Fusarium,"('GCA_900029915.1', 'Fungi', 'Fusarium', 'proliferatum')",2
191,CBM43,Fusarium,"('GCA_900029915.1', 'Fungi', 'Fusarium', 'proliferatum')",1
192,GH0,Fusarium,"('GCA_900029915.1', 'Fungi', 'Fusarium', 'proliferatum')",3
193,GH17,Fusarium,"('GCA_900029915.1', 'Fungi', 'Fusarium', 'proliferatum')",6
194,GH2,Fusarium,"('GCA_900029915.1', 'Fungi', 'Fusarium', 'proliferatum')",10
195,GH3,Fusarium,"('GCA_900029915.1', 'Fungi', 'Fusarium', 'proliferatum')",25
196,GH31,Fusarium,"('GCA_900029915.1', 'Fungi', 'Fusarium', 'proliferatum')",8
197,GH37,Fusarium,"('GCA_900029915.1', 'Fungi', 'Fusarium', 'proliferatum')",2
198,GH38,Fusarium,"('GCA_900029915.1', 'Fungi', 'Fusarium', 'proliferatum')",1
199,GH47,Fusarium,"('GCA_900029915.1', 'Fungi', 'Fusarium', 'proliferatum')",10
200,GH5,Fusarium,"('GCA_900029915.1', 'Fungi', 'Fusarium', 'proliferatum')",19
201,GH63,Fusarium,"('GCA_900029915.1', 'Fungi', 'Fusarium', 'proliferatum')",1
202,GH72,Fusarium,"('GCA_900029915.1', 'Fungi', 'Fusarium', 'proliferatum')",3
203,GT1,Fusarium,"('GCA_900029915.1', 'Fungi', 'Fusarium', 'proliferatum')",10
204,GT2,Fusarium,"('GCA_900029915.1', 'Fungi', 'Fusarium', 'proliferatum')",20
205,GT20,Fusarium,"('GCA_900029915.1', 'Fungi', 'Fusarium', 'proliferatum')",3
206,GT22,Fusarium,"('GCA_900029915.1', 'Fungi', 'Fusarium', 'proliferatum')",4
207,GT33,Fusarium,"('GCA_900029915.1', 'Fungi', 'Fusarium', 'proliferatum')",1
208,GT4,Fusarium,"('GCA_900029915.1', 'Fungi', 'Fusarium', 'proliferatum')",5
209,GT41,Fusarium,"('GCA_900029915.1', 'Fungi', 'Fusarium', 'proliferatum')",1
210,GT48,Fusarium,"('GCA_900029915.1', 'Fungi', 'Fusarium', 'proliferatum')",1
211,GT50,Fusarium,"('GCA_900029915.1', 'Fungi', 'Fusarium', 'proliferatum')",1
212,GT57,Fusarium,"('GCA_900029915.1', 'Fungi', 'Fusarium', 'proliferatum')",2
213,GT58,Fusarium,"('GCA_900029915.1', 'Fungi', 'Fusarium', 'proliferatum')",1
214,GT66,Fusarium,"('GCA_900029915.1', 'Fungi', 'Fusarium', 'proliferatum')",1
215,GT71,Fusarium,"('GCA_900029915.1', 'Fungi', 'Fusarium', 'proliferatum')",3
216,AA3,Trichoderma,"('GCA_000988865.1', 'Fungi', 'Trichoderma', 'harzianum')",19
217,AA6,Trichoderma,"('GCA_000988865.1', 'Fungi', 'Trichoderma', 'harzianum')",1
218,CBM43,Trichoderma,"('GCA_000988865.1', 'Fungi', 'Trichoderma', 'harzianum')",2
219,GH0,Trichoderma,"('GCA_000988865.1', 'Fungi', 'Trichoderma', 'harzianum')",5
220,GH17,Trichoderma,"('GCA_000988865.1', 'Fungi', 'Trichoderma', 'harzianum')",4
221,GH2,Trichoderma,"('GCA_000988865.1', 'Fungi', 'Trichoderma', 'harzianum')",12
222,GH3,Trichoderma,"('GCA_000988865.1', 'Fungi', 'Trichoderma', 'harzianum')",16
223,GH31,Trichoderma,"('GCA_000988865.1', 'Fungi', 'Trichoderma', 'harzianum')",5
224,GH37,Trichoderma,"('GCA_000988865.1', 'Fungi', 'Trichoderma', 'harzianum')",2
225,GH38,Trichoderma,"('GCA_000988865.1', 'Fungi', 'Trichoderma', 'harzianum')",1
226,GH47,Trichoderma,"('GCA_000988865.1', 'Fungi', 'Trichoderma', 'harzianum')",8
227,GH5,Trichoderma,"('GCA_000988865.1', 'Fungi', 'Trichoderma', 'harzianum')",11
228,GH63,Trichoderma,"('GCA_000988865.1', 'Fungi', 'Trichoderma', 'harzianum')",1
229,GH72,Trichoderma,"('GCA_000988865.1', 'Fungi', 'Trichoderma', 'harzianum')",5
230,GT1,Trichoderma,"('GCA_000988865.1', 'Fungi', 'Trichoderma', 'harzianum')",7
231,GT2,Trichoderma,"('GCA_000988865.1', 'Fungi', 'Trichoderma', 'harzianum')",13
232,GT20,Trichoderma,"('GCA_000988865.1', 'Fungi', 'Trichoderma', 'harzianum')",4
233,GT22,Trichoderma,"('GCA_000988865.1', 'Fungi', 'Trichoderma', 'harzianum')",4
234,GT33,Trichoderma,"('GCA_000988865.1', 'Fungi', 'Trichoderma', 'harzianum')",1
235,GT4,Trichoderma,"('GCA_000988865.1', 'Fungi', 'Trichoderma', 'harzianum')",5
236,GT41,Trichoderma,"('GCA_000988865.1', 'Fungi', 'Trichoderma', 'harzianum')",1
237,GT48,Trichoderma,"('GCA_000988865.1', 'Fungi', 'Trichoderma', 'harzianum')",1
238,GT50,Trichoderma,"('GCA_000988865.1', 'Fungi', 'Trichoderma', 'harzianum')",1
239,GT57,Trichoderma,"('GCA_000988865.1', 'Fungi', 'Trichoderma', 'harzianum')",2
240,GT58,Trichoderma,"('GCA_000988865.1', 'Fungi', 'Trichoderma', 'harzianum')",1
241,GT66,Trichoderma,"('GCA_000988865.1', 'Fungi', 'Trichoderma', 'harzianum')",1
242,GT71,Trichoderma,"('GCA_000988865.1', 'Fungi', 'Trichoderma', 'harzianum')",1
243,AA3,Aspergillus,"('GCA_012656115.1', 'Fungi', 'Aspergillus', 'fumigatus')",12
244,AA6,Aspergillus,"('GCA_012656115.1', 'Fungi', 'Aspergillus', 'fumigatus')",1
245,CBM43,Aspergillus,"('GCA_012656115.1', 'Fungi', 'Aspergillus', 'fumigatus')",4
246,GH0,Aspergillus,"('GCA_012656115.1', 'Fungi', 'Aspergillus', 'fumigatus')",2
247,GH17,Aspergillus,"('GCA_012656115.1', 'Fungi', 'Aspergillus', 'fumigatus')",5
248,GH2,Aspergillus,"('GCA_012656115.1', 'Fungi', 'Aspergillus', 'fumigatus')",6
249,GH3,Aspergillus,"('GCA_012656115.1', 'Fungi', 'Aspergillus', 'fumigatus')",18
250,GH31,Aspergillus,"('GCA_012656115.1', 'Fungi', 'Aspergillus', 'fumigatus')",6
251,GH37,Aspergillus,"('GCA_012656115.1', 'Fungi', 'Aspergillus', 'fumigatus')",1
252,GH38,Aspergillus,"('GCA_012656115.1', 'Fungi', 'Aspergillus', 'fumigatus')",1
253,GH47,Aspergillus,"('GCA_012656115.1', 'Fungi', 'Aspergillus', 'fumigatus')",5
254,GH5,Aspergillus,"('GCA_012656115.1', 'Fungi', 'Aspergillus', 'fumigatus')",13
255,GH63,Aspergillus,"('GCA_012656115.1', 'Fungi', 'Aspergillus', 'fumigatus')",1
256,GH72,Aspergillus,"('GCA_012656115.1', 'Fungi', 'Aspergillus', 'fumigatus')",7
257,GT1,Aspergillus,"('GCA_012656115.1', 'Fungi', 'Aspergillus', 'fumigatus')",5
258,GT2,Aspergillus,"('GCA_012656115.1', 'Fungi', 'Aspergillus', 'fumigatus')",15
259,GT20,Aspergillus,"('GCA_012656115.1', 'Fungi', 'Aspergillus', 'fumigatus')",7
260,GT22,Aspergillus,"('GCA_012656115.1', 'Fungi', 'Aspergillus', 'fumigatus')",4
261,GT33,Aspergillus,"('GCA_012656115.1', 'Fungi', 'Aspergillus', 'fumigatus')",1
262,GT4,Aspergillus,"('GCA_012656115.1', 'Fungi', 'Aspergillus', 'fumigatus')",5
263,GT41,Aspergillus,"('GCA_012656115.1', 'Fungi', 'Aspergillus', 'fumigatus')",1
264,GT48,Aspergillus,"('GCA_012656115.1', 'Fungi', 'Aspergillus', 'fumigatus')",1
265,GT50,Aspergillus,"('GCA_012656115.1', 'Fungi', 'Aspergillus', 'fumigatus')",1
266,GT57,Aspergillus,"('GCA_012656115.1', 'Fungi', 'Aspergillus', 'fumigatus')",2
267,GT58,Aspergillus,"('GCA_012656115.1', 'Fungi', 'Aspergillus', 'fumigatus')",1
268,GT66,Aspergillus,"('GCA_012656115.1', 'Fungi', 'Aspergillus', 'fumigatus')",1
269,GT71,Aspergillus,"('GCA_012656115.1', 'Fungi', 'Aspergillus', 'fumigatus')",3
270,AA3,Albugo,"('GCA_001078535.1', 'Oomycete', 'Albugo', 'candida')",1
271,AA6,Albugo,"('GCA_001078535.1', 'Oomycete', 'Albugo', 'candida')",1
272,CBM43,Albugo,"('GCA_001078535.1', 'Oomycete', 'Albugo', 'candida')",3
273,GH0,Albugo,"('GCA_001078535.1', 'Oomycete', 'Albugo', 'candida')",1
274,GH17,Albugo,"('GCA_001078535.1', 'Oomycete', 'Albugo', 'candida')",5
275,GH2,Albugo,"('GCA_001078535.1', 'Oomycete', 'Albugo', 'candida')",1
276,GH3,Albugo,"('GCA_001078535.1', 'Oomycete', 'Albugo', 'candida')",4
277,GH31,Albugo,"('GCA_001078535.1', 'Oomycete', 'Albugo', 'candida')",6
278,GH37,Albugo,"('GCA_001078535.1', 'Oomycete', 'Albugo', 'candida')",4
279,GH38,Albugo,"('GCA_001078535.1', 'Oomycete', 'Albugo', 'candida')",1
280,GH47,Albugo,"('GCA_001078535.1', 'Oomycete', 'Albugo', 'candida')",3
281,GH5,Albugo,"('GCA_001078535.1', 'Oomycete', 'Albugo', 'candida')",22
282,GH63,Albugo,"('GCA_001078535.1', 'Oomycete', 'Albugo', 'candida')",2
283,GH72,Albugo,"('GCA_001078535.1', 'Oomycete', 'Albugo', 'candida')",5
284,GT1,Albugo,"('GCA_001078535.1', 'Oomycete', 'Albugo', 'candida')",2
285,GT2,Albugo,"('GCA_001078535.1', 'Oomycete', 'Albugo', 'candida')",12
286,GT20,Albugo,"('GCA_001078535.1', 'Oomycete', 'Albugo', 'candida')",10
287,GT22,Albugo,"('GCA_001078535.1', 'Oomycete', 'Albugo', 'candida')",2
288,GT33,Albugo,"('GCA_001078535.1', 'Oomycete', 'Albugo', 'candida')",2
289,GT4,Albugo,"('GCA_001078535.1', 'Oomycete', 'Albugo', 'candida')",4
290,GT41,Albugo,"('GCA_001078535.1', 'Oomycete', 'Albugo', 'candida')",2
291,GT48,Albugo,"('GCA_001078535.1', 'Oomycete', 'Albugo', 'candida')",8
292,GT50,Albugo,"('GCA_001078535.1', 'Oomycete', 'Albugo', 'candida')",1
293,GT57,Albugo,"('GCA_001078535.1', 'Oomycete', 'Albugo', 'candida')",2
294,GT58,Albugo,"('GCA_001078535.1', 'Oomycete', 'Albugo', 'candida')",1
295,GT66,Albugo,"('GCA_001078535.1', 'Oomycete', 'Albugo', 'candida')",4
296,GT71,Albugo,"('GCA_001078535.1', 'Oomycete', 'Albugo', 'candida')",13
297,AA3,Aspergillus,"('GCA_012656125.1', 'Fungi', 'Aspergillus', 'fumigatus')",12
298,AA6,Aspergillus,"('GCA_012656125.1', 'Fungi', 'Aspergillus', 'fumigatus')",1
299,CBM43,Aspergillus,"('GCA_012656125.1', 'Fungi', 'Aspergillus', 'fumigatus')",4
300,GH0,Aspergillus,"('GCA_012656125.1', 'Fungi', 'Aspergillus', 'fumigatus')",2
301,GH17,Aspergillus,"('GCA_012656125.1', 'Fungi', 'Aspergillus', 'fumigatus')",5
302,GH2,Aspergillus,"('GCA_012656125.1', 'Fungi', 'Aspergillus', 'fumigatus')",6
303,GH3,Aspergillus,"('GCA_012656125.1', 'Fungi', 'Aspergillus', 'fumigatus')",18
304,GH31,Aspergillus,"('GCA_012656125.1', 'Fungi', 'Aspergillus', 'fumigatus')",6
305,GH37,Aspergillus,"('GCA_012656125.1', 'Fungi', 'Aspergillus', 'fumigatus')",1
306,GH38,Aspergillus,"('GCA_012656125.1', 'Fungi', 'Aspergillus', 'fumigatus')",1
307,GH47,Aspergillus,"('GCA_012656125.1', 'Fungi', 'Aspergillus', 'fumigatus')",5
308,GH5,Aspergillus,"('GCA_012656125.1', 'Fungi', 'Aspergillus', 'fumigatus')",13
309,GH63,Aspergillus,"('GCA_012656125.1', 'Fungi', 'Aspergillus', 'fumigatus')",1
310,GH72,Aspergillus,"('GCA_012656125.1', 'Fungi', 'Aspergillus', 'fumigatus')",7
311,GT1,Aspergillus,"('GCA_012656125.1', 'Fungi', 'Aspergillus', 'fumigatus')",5
312,GT2,Aspergillus,"('GCA_012656125.1', 'Fungi', 'Aspergillus', 'fumigatus')",15
313,GT20,Aspergillus,"('GCA_012656125.1', 'Fungi', 'Aspergillus', 'fumigatus')",7
314,GT22,Aspergillus,"('GCA_012656125.1', 'Fungi', 'Aspergillus', 'fumigatus')",4
315,GT33,Aspergillus,"('GCA_012656125.1', 'Fungi', 'Aspergillus', 'fumigatus')",1
316,GT4,Aspergillus,"('GCA_012656125.1', 'Fungi', 'Aspergillus', 'fumigatus')",5
317,GT41,Aspergillus,"('GCA_012656125.1', 'Fungi', 'Aspergillus', 'fumigatus')",1
318,GT48,Aspergillus,"('GCA_012656125.1', 'Fungi', 'Aspergillus', 'fumigatus')",1
319,GT50,Aspergillus,"('GCA_012656125.1', 'Fungi', 'Aspergillus', 'fumigatus')",1
320,GT57,Aspergillus,"('GCA_012656125.1', 'Fungi', 'Aspergillus', 'fumigatus')",2
321,GT58,Aspergillus,"('GCA_012656125.1', 'Fungi', 'Aspergillus', 'fumigatus')",1
322,GT66,Aspergillus,"('GCA_012656125.1', 'Fungi', 'Aspergillus', 'fumigatus')",1
323,GT71,Aspergillus,"('GCA_012656125.1', 'Fungi', 'Aspergillus', 'fumigatus')",3
324,AA3,Fusarium,"('GCA_900096695.1', 'Fungi', 'Fusarium', 'oxysporum')",28
325,AA6,Fusarium,"('GCA_900096695.1', 'Fungi', 'Fusarium', 'oxysporum')",1
326,CBM43,Fusarium,"('GCA_900096695.1', 'Fungi', 'Fusarium', 'oxysporum')",1
327,GH0,Fusarium,"('GCA_900096695.1', 'Fungi', 'Fusarium', 'oxysporum')",2
328,GH17,Fusarium,"('GCA_900096695.1', 'Fungi', 'Fusarium', 'oxysporum')",6
329,GH2,Fusarium,"('GCA_900096695.1', 'Fungi', 'Fusarium', 'oxysporum')",10
330,GH3,Fusarium,"('GCA_900096695.1', 'Fungi', 'Fusarium', 'oxysporum')",33
331,GH31,Fusarium,"('GCA_900096695.1', 'Fungi', 'Fusarium', 'oxysporum')",8
332,GH37,Fusarium,"('GCA_900096695.1', 'Fungi', 'Fusarium', 'oxysporum')",2
333,GH38,Fusarium,"('GCA_900096695.1', 'Fungi', 'Fusarium', 'oxysporum')",1
334,GH47,Fusarium,"('GCA_900096695.1', 'Fungi', 'Fusarium', 'oxysporum')",10
335,GH5,Fusarium,"('GCA_900096695.1', 'Fungi', 'Fusarium', 'oxysporum')",23
336,GH63,Fusarium,"('GCA_900096695.1', 'Fungi', 'Fusarium', 'oxysporum')",1
337,GH72,Fusarium,"('GCA_900096695.1', 'Fungi', 'Fusarium', 'oxysporum')",3
338,GT1,Fusarium,"('GCA_900096695.1', 'Fungi', 'Fusarium', 'oxysporum')",15
339,GT2,Fusarium,"('GCA_900096695.1', 'Fungi', 'Fusarium', 'oxysporum')",21
340,GT20,Fusarium,"('GCA_900096695.1', 'Fungi', 'Fusarium', 'oxysporum')",3
341,GT22,Fusarium,"('GCA_900096695.1', 'Fungi', 'Fusarium', 'oxysporum')",4
342,GT33,Fusarium,"('GCA_900096695.1', 'Fungi', 'Fusarium', 'oxysporum')",1
343,GT4,Fusarium,"('GCA_900096695.1', 'Fungi', 'Fusarium', 'oxysporum')",8
344,GT41,Fusarium,"('GCA_900096695.1', 'Fungi', 'Fusarium', 'oxysporum')",1
345,GT48,Fusarium,"('GCA_900096695.1', 'Fungi', 'Fusarium', 'oxysporum')",1
346,GT50,Fusarium,"('GCA_900096695.1', 'Fungi', 'Fusarium', 'oxysporum')",1
347,GT57,Fusarium,"('GCA_900096695.1', 'Fungi', 'Fusarium', 'oxysporum')",2
348,GT58,Fusarium,"('GCA_900096695.1', 'Fungi', 'Fusarium', 'oxysporum')",1
349,GT66,Fusarium,"('GCA_900096695.1', 'Fungi', 'Fusarium', 'oxysporum')",1
350,GT71,Fusarium,"('GCA_900096695.1', 'Fungi', 'Fusarium', 'oxysporum')",3
351,AA3,Aspergillus,"('GCA_012656165.1', 'Fungi', 'Aspergillus', 'fumigatus')",14
352,AA6,Aspergillus,"('GCA_012656165.1', 'Fungi', 'Aspergillus', 'fumigatus')",1
353,CBM43,Aspergillus,"('GCA_012656165.1', 'Fungi', 'Aspergillus', 'fumigatus')",4
354,GH0,Aspergillus,"('GCA_012656165.1', 'Fungi', 'Aspergillus', 'fumigatus')",2
355,GH17,Aspergillus,"('GCA_012656165.1', 'Fungi', 'Aspergillus', 'fumigatus')",5
356,GH2,Aspergillus,"('GCA_012656165.1', 'Fungi', 'Aspergillus', 'fumigatus')",6
357,GH3,Aspergillus,"('GCA_012656165.1', 'Fungi', 'Aspergillus', 'fumigatus')",18
358,GH31,Aspergillus,"('GCA_012656165.1', 'Fungi', 'Aspergillus', 'fumigatus')",6
359,GH37,Aspergillus,"('GCA_012656165.1', 'Fungi', 'Aspergillus', 'fumigatus')",1
360,GH38,Aspergillus,"('GCA_012656165.1', 'Fungi', 'Aspergillus', 'fumigatus')",1
361,GH47,Aspergillus,"('GCA_012656165.1', 'Fungi', 'Aspergillus', 'fumigatus')",5
362,GH5,Aspergillus,"('GCA_012656165.1', 'Fungi', 'Aspergillus', 'fumigatus')",13
363,GH63,Aspergillus,"('GCA_012656165.1', 'Fungi', 'Aspergillus', 'fumigatus')",1
364,GH72,Aspergillus,"('GCA_012656165.1', 'Fungi', 'Aspergillus', 'fumigatus')",7
365,GT1,Aspergillus,"('GCA_012656165.1', 'Fungi', 'Aspergillus', 'fumigatus')",5
366,GT2,Aspergillus,"('GCA_012656165.1', 'Fungi', 'Aspergillus', 'fumigatus')",15
367,GT20,Aspergillus,"('GCA_012656165.1', 'Fungi', 'Aspergillus', 'fumigatus')",7
368,GT22,Aspergillus,"('GCA_012656165.1', 'Fungi', 'Aspergillus', 'fumigatus')",4
369,GT33,Aspergillus,"('GCA_012656165.1', 'Fungi', 'Aspergillus', 'fumigatus')",1
370,GT4,Aspergillus,"('GCA_012656165.1', 'Fungi', 'Aspergillus', 'fumigatus')",4
371,GT41,Aspergillus,"('GCA_012656165.1', 'Fungi', 'Aspergillus', 'fumigatus')",1
372,GT48,Aspergillus,"('GCA_012656165.1', 'Fungi', 'Aspergillus', 'fumigatus')",1
373,GT50,Aspergillus,"('GCA_012656165.1', 'Fungi', 'Aspergillus', 'fumigatus')",1
374,GT57,Aspergillus,"('GCA_012656165.1', 'Fungi', 'Aspergillus', 'fumigatus')",2
375,GT58,Aspergillus,"('GCA_012656165.1', 'Fungi', 'Aspergillus', 'fumigatus')",1
376,GT66,Aspergillus,"('GCA_012656165.1', 'Fungi', 'Aspergillus', 'fumigatus')",1
377,GT71,Aspergillus,"('GCA_012656165.1', 'Fungi', 'Aspergillus', 'fumigatus')",3
378,AA3,Aspergillus,"('GCA_002211485.2', 'Fungi', 'Aspergillus', 'niger')",33
379,AA6,Aspergillus,"('GCA_002211485.2', 'Fungi', 'Aspergillus', 'niger')",1
380,CBM43,Aspergillus,"('GCA_002211485.2', 'Fungi', 'Aspergillus', 'niger')",5
381,GH0,Aspergillus,"('GCA_002211485.2', 'Fungi', 'Aspergillus', 'niger')",3
382,GH17,Aspergillus,"('GCA_002211485.2', 'Fungi', 'Aspergillus', 'niger')",5
383,GH2,Aspergillus,"('GCA_002211485.2', 'Fungi', 'Aspergillus', 'niger')",6
384,GH3,Aspergillus,"('GCA_002211485.2', 'Fungi', 'Aspergillus', 'niger')",19
385,GH31,Aspergillus,"('GCA_002211485.2', 'Fungi', 'Aspergillus', 'niger')",7
386,GH37,Aspergillus,"('GCA_002211485.2', 'Fungi', 'Aspergillus', 'niger')",1
387,GH38,Aspergillus,"('GCA_002211485.2', 'Fungi', 'Aspergillus', 'niger')",1
388,GH47,Aspergillus,"('GCA_002211485.2', 'Fungi', 'Aspergillus', 'niger')",6
389,GH5,Aspergillus,"('GCA_002211485.2', 'Fungi', 'Aspergillus', 'niger')",10
390,GH63,Aspergillus,"('GCA_002211485.2', 'Fungi', 'Aspergillus', 'niger')",1
391,GH72,Aspergillus,"('GCA_002211485.2', 'Fungi', 'Aspergillus', 'niger')",8
392,GT1,Aspergillus,"('GCA_002211485.2', 'Fungi', 'Aspergillus', 'niger')",8
393,GT2,Aspergillus,"('GCA_002211485.2', 'Fungi', 'Aspergillus', 'niger')",15
394,GT20,Aspergillus,"('GCA_002211485.2', 'Fungi', 'Aspergillus', 'niger')",6
395,GT22,Aspergillus,"('GCA_002211485.2', 'Fungi', 'Aspergillus', 'niger')",4
396,GT33,Aspergillus,"('GCA_002211485.2', 'Fungi', 'Aspergillus', 'niger')",1
397,GT4,Aspergillus,"('GCA_002211485.2', 'Fungi', 'Aspergillus', 'niger')",4
398,GT41,Aspergillus,"('GCA_002211485.2', 'Fungi', 'Aspergillus', 'niger')",1
399,GT48,Aspergillus,"('GCA_002211485.2', 'Fungi', 'Aspergillus', 'niger')",1
400,GT50,Aspergillus,"('GCA_002211485.2', 'Fungi', 'Aspergillus', 'niger')",1
401,GT57,Aspergillus,"('GCA_002211485.2', 'Fungi', 'Aspergillus', 'niger')",2
402,GT58,Aspergillus,"('GCA_002211485.2', 'Fungi', 'Aspergillus', 'niger')",1
403,GT66,Aspergillus,"('GCA_002211485.2', 'Fungi', 'Aspergillus', 'niger')",1
404,GT71,Aspergillus,"('GCA_002211485.2', 'Fungi', 'Aspergillus', 'niger')",4
405,AA3,Aspergillus,"('GCA_012656185.1', 'Fungi', 'Aspergillus', 'fumigatus')",13
406,AA6,Aspergillus,"('GCA_012656185.1', 'Fungi', 'Aspergillus', 'fumigatus')",1
407,CBM43,Aspergillus,"('GCA_012656185.1', 'Fungi', 'Aspergillus', 'fumigatus')",4
408,GH0,Aspergillus,"('GCA_012656185.1', 'Fungi', 'Aspergillus', 'fumigatus')",2
409,GH17,Aspergillus,"('GCA_012656185.1', 'Fungi', 'Aspergillus', 'fumigatus')",5
410,GH2,Aspergillus,"('GCA_012656185.1', 'Fungi', 'Aspergillus', 'fumigatus')",7
411,GH3,Aspergillus,"('GCA_012656185.1', 'Fungi', 'Aspergillus', 'fumigatus')",18
412,GH31,Aspergillus,"('GCA_012656185.1', 'Fungi', 'Aspergillus', 'fumigatus')",6
413,GH37,Aspergillus,"('GCA_012656185.1', 'Fungi', 'Aspergillus', 'fumigatus')",1
414,GH38,Aspergillus,"('GCA_012656185.1', 'Fungi', 'Aspergillus', 'fumigatus')",1
415,GH47,Aspergillus,"('GCA_012656185.1', 'Fungi', 'Aspergillus', 'fumigatus')",5
416,GH5,Aspergillus,"('GCA_012656185.1', 'Fungi', 'Aspergillus', 'fumigatus')",13
417,GH63,Aspergillus,"('GCA_012656185.1', 'Fungi', 'Aspergillus', 'fumigatus')",1
418,GH72,Aspergillus,"('GCA_012656185.1', 'Fungi', 'Aspergillus', 'fumigatus')",7
419,GT1,Aspergillus,"('GCA_012656185.1', 'Fungi', 'Aspergillus', 'fumigatus')",5
420,GT2,Aspergillus,"('GCA_012656185.1', 'Fungi', 'Aspergillus', 'fumigatus')",15
421,GT20,Aspergillus,"('GCA_012656185.1', 'Fungi', 'Aspergillus', 'fumigatus')",7
422,GT22,Aspergillus,"('GCA_012656185.1', 'Fungi', 'Aspergillus', 'fumigatus')",4
423,GT33,Aspergillus,"('GCA_012656185.1', 'Fungi', 'Aspergillus', 'fumigatus')",1
424,GT4,Aspergillus,"('GCA_012656185.1', 'Fungi', 'Aspergillus', 'fumigatus')",5
425,GT41,Aspergillus,"('GCA_012656185.1', 'Fungi', 'Aspergillus', 'fumigatus')",1
426,GT48,Aspergillus,"('GCA_012656185.1', 'Fungi', 'Aspergillus', 'fumigatus')",1
427,GT50,Aspergillus,"('GCA_012656185.1', 'Fungi', 'Aspergillus', 'fumigatus')",1
428,GT57,Aspergillus,"('GCA_012656185.1', 'Fungi', 'Aspergillus', 'fumigatus')",2
429,GT58,Aspergillus,"('GCA_012656185.1', 'Fungi', 'Aspergillus', 'fumigatus')",1
430,GT66,Aspergillus,"('GCA_012656185.1', 'Fungi', 'Aspergillus', 'fumigatus')",1
431,GT71,Aspergillus,"('GCA_012656185.1', 'Fungi', 'Aspergillus', 'fumigatus')",3
432,AA3,Fusarium,"('GCA_003615185.1', 'Fungi', 'Fusarium', 'oxysporum')",29
433,AA6,Fusarium,"('GCA_003615185.1', 'Fungi', 'Fusarium', 'oxysporum')",1
434,CBM43,Fusarium,"('GCA_003615185.1', 'Fungi', 'Fusarium', 'oxysporum')",1
435,GH0,Fusarium,"('GCA_003615185.1', 'Fungi', 'Fusarium', 'oxysporum')",2
436,GH17,Fusarium,"('GCA_003615185.1', 'Fungi', 'Fusarium', 'oxysporum')",7
437,GH2,Fusarium,"('GCA_003615185.1', 'Fungi', 'Fusarium', 'oxysporum')",11
438,GH3,Fusarium,"('GCA_003615185.1', 'Fungi', 'Fusarium', 'oxysporum')",37
439,GH31,Fusarium,"('GCA_003615185.1', 'Fungi', 'Fusarium', 'oxysporum')",9
440,GH37,Fusarium,"('GCA_003615185.1', 'Fungi', 'Fusarium', 'oxysporum')",2
441,GH38,Fusarium,"('GCA_003615185.1', 'Fungi', 'Fusarium', 'oxysporum')",1
442,GH47,Fusarium,"('GCA_003615185.1', 'Fungi', 'Fusarium', 'oxysporum')",10
443,GH5,Fusarium,"('GCA_003615185.1', 'Fungi', 'Fusarium', 'oxysporum')",22
444,GH63,Fusarium,"('GCA_003615185.1', 'Fungi', 'Fusarium', 'oxysporum')",1
445,GH72,Fusarium,"('GCA_003615185.1', 'Fungi', 'Fusarium', 'oxysporum')",3
446,GT1,Fusarium,"('GCA_003615185.1', 'Fungi', 'Fusarium', 'oxysporum')",18
447,GT2,Fusarium,"('GCA_003615185.1', 'Fungi', 'Fusarium', 'oxysporum')",21
448,GT20,Fusarium,"('GCA_003615185.1', 'Fungi', 'Fusarium', 'oxysporum')",3
449,GT22,Fusarium,"('GCA_003615185.1', 'Fungi', 'Fusarium', 'oxysporum')",4
450,GT33,Fusarium,"('GCA_003615185.1', 'Fungi', 'Fusarium', 'oxysporum')",1
451,GT4,Fusarium,"('GCA_003615185.1', 'Fungi', 'Fusarium', 'oxysporum')",6
452,GT41,Fusarium,"('GCA_003615185.1', 'Fungi', 'Fusarium', 'oxysporum')",1
453,GT48,Fusarium,"('GCA_003615185.1', 'Fungi', 'Fusarium', 'oxysporum')",1
454,GT50,Fusarium,"('GCA_003615185.1', 'Fungi', 'Fusarium', 'oxysporum')",1
455,GT57,Fusarium,"('GCA_003615185.1', 'Fungi', 'Fusarium', 'oxysporum')",2
456,GT58,Fusarium,"('GCA_003615185.1', 'Fungi', 'Fusarium', 'oxysporum')",1
457,GT66,Fusarium,"('GCA_003615185.1', 'Fungi', 'Fusarium', 'oxysporum')",1
458,GT71,Fusarium,"('GCA_003615185.1', 'Fungi', 'Fusarium', 'oxysporum')",3
459,AA3,Aspergillus,"('GCA_001515345.1', 'Fungi', 'Aspergillus', 'niger')",32
460,AA6,Aspergillus,"('GCA_001515345.1', 'Fungi', 'Aspergillus', 'niger')",1
461,CBM43,Aspergillus,"('GCA_001515345.1', 'Fungi', 'Aspergillus', 'niger')",4
462,GH0,Aspergillus,"('GCA_001515345.1', 'Fungi', 'Aspergillus', 'niger')",3
463,GH17,Aspergillus,"('GCA_001515345.1', 'Fungi', 'Aspergillus', 'niger')",5
464,GH2,Aspergillus,"('GCA_001515345.1', 'Fungi', 'Aspergillus', 'niger')",6
465,GH3,Aspergillus,"('GCA_001515345.1', 'Fungi', 'Aspergillus', 'niger')",15
466,GH31,Aspergillus,"('GCA_001515345.1', 'Fungi', 'Aspergillus', 'niger')",8
467,GH37,Aspergillus,"('GCA_001515345.1', 'Fungi', 'Aspergillus', 'niger')",1
468,GH38,Aspergillus,"('GCA_001515345.1', 'Fungi', 'Aspergillus', 'niger')",1
469,GH47,Aspergillus,"('GCA_001515345.1', 'Fungi', 'Aspergillus', 'niger')",6
470,GH5,Aspergillus,"('GCA_001515345.1', 'Fungi', 'Aspergillus', 'niger')",10
471,GH63,Aspergillus,"('GCA_001515345.1', 'Fungi', 'Aspergillus', 'niger')",1
472,GH72,Aspergillus,"('GCA_001515345.1', 'Fungi', 'Aspergillus', 'niger')",7
473,GT1,Aspergillus,"('GCA_001515345.1', 'Fungi', 'Aspergillus', 'niger')",7
474,GT2,Aspergillus,"('GCA_001515345.1', 'Fungi', 'Aspergillus', 'niger')",16
475,GT20,Aspergillus,"('GCA_001515345.1', 'Fungi', 'Aspergillus', 'niger')",6
476,GT22,Aspergillus,"('GCA_001515345.1', 'Fungi', 'Aspergillus', 'niger')",4
477,GT33,Aspergillus,"('GCA_001515345.1', 'Fungi', 'Aspergillus', 'niger')",1
478,GT4,Aspergillus,"('GCA_001515345.1', 'Fungi', 'Aspergillus', 'niger')",5
479,GT41,Aspergillus,"('GCA_001515345.1', 'Fungi', 'Aspergillus', 'niger')",1
480,GT48,Aspergillus,"('GCA_001515345.1', 'Fungi', 'Aspergillus', 'niger')",1
481,GT50,Aspergillus,"('GCA_001515345.1', 'Fungi', 'Aspergillus', 'niger')",1
482,GT57,Aspergillus,"('GCA_001515345.1', 'Fungi', 'Aspergillus', 'niger')",2
483,GT58,Aspergillus,"('GCA_001515345.1', 'Fungi', 'Aspergillus', 'niger')",1
484,GT66,Aspergillus,"('GCA_001515345.1', 'Fungi', 'Aspergillus', 'niger')",1
485,GT71,Aspergillus,"('GCA_001515345.1', 'Fungi', 'Aspergillus', 'niger')",4
486,AA3,Phytophthora,"('GCA_012295175.1', 'Oomycete', 'Phytophthora', 'infestans')",6
487,AA6,Phytophthora,"('GCA_012295175.1', 'Oomycete', 'Phytophthora', 'infestans')",7
488,CBM43,Phytophthora,"('GCA_012295175.1', 'Oomycete', 'Phytophthora', 'infestans')",3
489,GH0,Phytophthora,"('GCA_012295175.1', 'Oomycete', 'Phytophthora', 'infestans')",1
490,GH17,Phytophthora,"('GCA_012295175.1', 'Oomycete', 'Phytophthora', 'infestans')",6
491,GH2,Phytophthora,"('GCA_012295175.1', 'Oomycete', 'Phytophthora', 'infestans')",1
492,GH3,Phytophthora,"('GCA_012295175.1', 'Oomycete', 'Phytophthora', 'infestans')",2
493,GH31,Phytophthora,"('GCA_012295175.1', 'Oomycete', 'Phytophthora', 'infestans')",6
494,GH37,Phytophthora,"('GCA_012295175.1', 'Oomycete', 'Phytophthora', 'infestans')",2
495,GH38,Phytophthora,"('GCA_012295175.1', 'Oomycete', 'Phytophthora', 'infestans')",1
496,GH47,Phytophthora,"('GCA_012295175.1', 'Oomycete', 'Phytophthora', 'infestans')",5
497,GH5,Phytophthora,"('GCA_012295175.1', 'Oomycete', 'Phytophthora', 'infestans')",19
498,GH63,Phytophthora,"('GCA_012295175.1', 'Oomycete', 'Phytophthora', 'infestans')",1
499,GH72,Phytophthora,"('GCA_012295175.1', 'Oomycete', 'Phytophthora', 'infestans')",11
500,GT1,Phytophthora,"('GCA_012295175.1', 'Oomycete', 'Phytophthora', 'infestans')",8
501,GT2,Phytophthora,"('GCA_012295175.1', 'Oomycete', 'Phytophthora', 'infestans')",6
502,GT20,Phytophthora,"('GCA_012295175.1', 'Oomycete', 'Phytophthora', 'infestans')",11
503,GT22,Phytophthora,"('GCA_012295175.1', 'Oomycete', 'Phytophthora', 'infestans')",4
504,GT33,Phytophthora,"('GCA_012295175.1', 'Oomycete', 'Phytophthora', 'infestans')",2
505,GT4,Phytophthora,"('GCA_012295175.1', 'Oomycete', 'Phytophthora', 'infestans')",5
506,GT41,Phytophthora,"('GCA_012295175.1', 'Oomycete', 'Phytophthora', 'infestans')",3
507,GT48,Phytophthora,"('GCA_012295175.1', 'Oomycete', 'Phytophthora', 'infestans')",6
508,GT50,Phytophthora,"('GCA_012295175.1', 'Oomycete', 'Phytophthora', 'infestans')",1
509,GT57,Phytophthora,"('GCA_012295175.1', 'Oomycete', 'Phytophthora', 'infestans')",2
510,GT58,Phytophthora,"('GCA_012295175.1', 'Oomycete', 'Phytophthora', 'infestans')",1
511,GT66,Phytophthora,"('GCA_012295175.1', 'Oomycete', 'Phytophthora', 'infestans')",2
512,GT71,Phytophthora,"('GCA_012295175.1', 'Oomycete', 'Phytophthora', 'infestans')",31
513,AA3,Aspergillus,"('GCA_900248155.1', 'Fungi', 'Aspergillus', 'niger')",33
514,AA6,Aspergillus,"('GCA_900248155.1', 'Fungi', 'Aspergillus', 'niger')",1
515,CBM43,Aspergillus,"('GCA_900248155.1', 'Fungi', 'Aspergillus', 'niger')",5
516,GH0,Aspergillus,"('GCA_900248155.1', 'Fungi', 'Aspergillus', 'niger')",3
517,GH17,Aspergillus,"('GCA_900248155.1', 'Fungi', 'Aspergillus', 'niger')",5
518,GH2,Aspergillus,"('GCA_900248155.1', 'Fungi', 'Aspergillus', 'niger')",6
519,GH3,Aspergillus,"('GCA_900248155.1', 'Fungi', 'Aspergillus', 'niger')",19
520,GH31,Aspergillus,"('GCA_900248155.1', 'Fungi', 'Aspergillus', 'niger')",7
521,GH37,Aspergillus,"('GCA_900248155.1', 'Fungi', 'Aspergillus', 'niger')",1
522,GH38,Aspergillus,"('GCA_900248155.1', 'Fungi', 'Aspergillus', 'niger')",1
523,GH47,Aspergillus,"('GCA_900248155.1', 'Fungi', 'Aspergillus', 'niger')",6
524,GH5,Aspergillus,"('GCA_900248155.1', 'Fungi', 'Aspergillus', 'niger')",10
525,GH63,Aspergillus,"('GCA_900248155.1', 'Fungi', 'Aspergillus', 'niger')",1
526,GH72,Aspergillus,"('GCA_900248155.1', 'Fungi', 'Aspergillus', 'niger')",8
527,GT1,Aspergillus,"('GCA_900248155.1', 'Fungi', 'Aspergillus', 'niger')",8
528,GT2,Aspergillus,"('GCA_900248155.1', 'Fungi', 'Aspergillus', 'niger')",15
529,GT20,Aspergillus,"('GCA_900248155.1', 'Fungi', 'Aspergillus', 'niger')",6
530,GT22,Aspergillus,"('GCA_900248155.1', 'Fungi', 'Aspergillus', 'niger')",4
531,GT33,Aspergillus,"('GCA_900248155.1', 'Fungi', 'Aspergillus', 'niger')",1
532,GT4,Aspergillus,"('GCA_900248155.1', 'Fungi', 'Aspergillus', 'niger')",5
533,GT41,Aspergillus,"('GCA_900248155.1', 'Fungi', 'Aspergillus', 'niger')",1
534,GT48,Aspergillus,"('GCA_900248155.1', 'Fungi', 'Aspergillus', 'niger')",1
535,GT50,Aspergillus,"('GCA_900248155.1', 'Fungi', 'Aspergillus', 'niger')",1
536,GT57,Aspergillus,"('GCA_900248155.1', 'Fungi', 'Aspergillus', 'niger')",2
537,GT58,Aspergillus,"('GCA_900248155.1', 'Fungi', 'Aspergillus', 'niger')",1
538,GT66,Aspergillus,"('GCA_900248155.1', 'Fungi', 'Aspergillus', 'niger')",1
539,GT71,Aspergillus,"('GCA_900248155.1', 'Fungi', 'Aspergillus', 'niger')",4
540,AA3,Phytophthora,"('GCA_012552325.1', 'Oomycete', 'Phytophthora', 'infestans')",7
541,AA6,Phytophthora,"('GCA_012552325.1', 'Oomycete', 'Phytophthora', 'infestans')",7
542,CBM43,Phytophthora,"('GCA_012552325.1', 'Oomycete', 'Phytophthora', 'infestans')",3
543,GH0,Phytophthora,"('GCA_012552325.1', 'Oomycete', 'Phytophthora', 'infestans')",1
544,GH17,Phytophthora,"('GCA_012552325.1', 'Oomycete', 'Phytophthora', 'infestans')",7
545,GH2,Phytophthora,"('GCA_012552325.1', 'Oomycete', 'Phytophthora', 'infestans')",1
546,GH3,Phytophthora,"('GCA_012552325.1', 'Oomycete', 'Phytophthora', 'infestans')",14
547,GH31,Phytophthora,"('GCA_012552325.1', 'Oomycete', 'Phytophthora', 'infestans')",8
548,GH37,Phytophthora,"('GCA_012552325.1', 'Oomycete', 'Phytophthora', 'infestans')",1
549,GH38,Phytophthora,"('GCA_012552325.1', 'Oomycete', 'Phytophthora', 'infestans')",1
550,GH47,Phytophthora,"('GCA_012552325.1', 'Oomycete', 'Phytophthora', 'infestans')",7
551,GH5,Phytophthora,"('GCA_012552325.1', 'Oomycete', 'Phytophthora', 'infestans')",20
552,GH63,Phytophthora,"('GCA_012552325.1', 'Oomycete', 'Phytophthora', 'infestans')",1
553,GH72,Phytophthora,"('GCA_012552325.1', 'Oomycete', 'Phytophthora', 'infestans')",10
554,GT1,Phytophthora,"('GCA_012552325.1', 'Oomycete', 'Phytophthora', 'infestans')",9
555,GT2,Phytophthora,"('GCA_012552325.1', 'Oomycete', 'Phytophthora', 'infestans')",6
556,GT20,Phytophthora,"('GCA_012552325.1', 'Oomycete', 'Phytophthora', 'infestans')",11
557,GT22,Phytophthora,"('GCA_012552325.1', 'Oomycete', 'Phytophthora', 'infestans')",4
558,GT33,Phytophthora,"('GCA_012552325.1', 'Oomycete', 'Phytophthora', 'infestans')",1
559,GT4,Phytophthora,"('GCA_012552325.1', 'Oomycete', 'Phytophthora', 'infestans')",3
560,GT41,Phytophthora,"('GCA_012552325.1', 'Oomycete', 'Phytophthora', 'infestans')",2
561,GT48,Phytophthora,"('GCA_012552325.1', 'Oomycete', 'Phytophthora', 'infestans')",6
562,GT50,Phytophthora,"('GCA_012552325.1', 'Oomycete', 'Phytophthora', 'infestans')",1
563,GT57,Phytophthora,"('GCA_012552325.1', 'Oomycete', 'Phytophthora', 'infestans')",3
564,GT58,Phytophthora,"('GCA_012552325.1', 'Oomycete', 'Phytophthora', 'infestans')",1
565,GT66,Phytophthora,"('GCA_012552325.1', 'Oomycete', 'Phytophthora', 'infestans')",2
566,GT71,Phytophthora,"('GCA_012552325.1', 'Oomycete', 'Phytophthora', 'infestans')",33
567,AA3,Rhynchosporium,"('GCA_900074895.1', 'Fungi', 'Rhynchosporium', 'secalis')",22
568,AA6,Rhynchosporium,"('GCA_900074895.1', 'Fungi', 'Rhynchosporium', 'secalis')",1
569,CBM43,Rhynchosporium,"('GCA_900074895.1', 'Fungi', 'Rhynchosporium', 'secalis')",2
570,GH0,Rhynchosporium,"('GCA_900074895.1', 'Fungi', 'Rhynchosporium', 'secalis')",2
571,GH17,Rhynchosporium,"('GCA_900074895.1', 'Fungi', 'Rhynchosporium', 'secalis')",6
572,GH2,Rhynchosporium,"('GCA_900074895.1', 'Fungi', 'Rhynchosporium', 'secalis')",2
573,GH3,Rhynchosporium,"('GCA_900074895.1', 'Fungi', 'Rhynchosporium', 'secalis')",19
574,GH31,Rhynchosporium,"('GCA_900074895.1', 'Fungi', 'Rhynchosporium', 'secalis')",7
575,GH37,Rhynchosporium,"('GCA_900074895.1', 'Fungi', 'Rhynchosporium', 'secalis')",1
576,GH38,Rhynchosporium,"('GCA_900074895.1', 'Fungi', 'Rhynchosporium', 'secalis')",2
577,GH47,Rhynchosporium,"('GCA_900074895.1', 'Fungi', 'Rhynchosporium', 'secalis')",7
578,GH5,Rhynchosporium,"('GCA_900074895.1', 'Fungi', 'Rhynchosporium', 'secalis')",12
579,GH63,Rhynchosporium,"('GCA_900074895.1', 'Fungi', 'Rhynchosporium', 'secalis')",1
580,GH72,Rhynchosporium,"('GCA_900074895.1', 'Fungi', 'Rhynchosporium', 'secalis')",7
581,GT1,Rhynchosporium,"('GCA_900074895.1', 'Fungi', 'Rhynchosporium', 'secalis')",10
582,GT2,Rhynchosporium,"('GCA_900074895.1', 'Fungi', 'Rhynchosporium', 'secalis')",13
583,GT20,Rhynchosporium,"('GCA_900074895.1', 'Fungi', 'Rhynchosporium', 'secalis')",3
584,GT22,Rhynchosporium,"('GCA_900074895.1', 'Fungi', 'Rhynchosporium', 'secalis')",4
585,GT33,Rhynchosporium,"('GCA_900074895.1', 'Fungi', 'Rhynchosporium', 'secalis')",1
586,GT4,Rhynchosporium,"('GCA_900074895.1', 'Fungi', 'Rhynchosporium', 'secalis')",5
587,GT41,Rhynchosporium,"('GCA_900074895.1', 'Fungi', 'Rhynchosporium', 'secalis')",1
588,GT48,Rhynchosporium,"('GCA_900074895.1', 'Fungi', 'Rhynchosporium', 'secalis')",1
589,GT50,Rhynchosporium,"('GCA_900074895.1', 'Fungi', 'Rhynchosporium', 'secalis')",1
590,GT57,Rhynchosporium,"('GCA_900074895.1', 'Fungi', 'Rhynchosporium', 'secalis')",2
591,GT58,Rhynchosporium,"('GCA_900074895.1', 'Fungi', 'Rhynchosporium', 'secalis')",1
592,GT66,Rhynchosporium,"('GCA_900074895.1', 'Fungi', 'Rhynchosporium', 'secalis')",1
593,GT71,Rhynchosporium,"('GCA_900074895.1', 'Fungi', 'Rhynchosporium', 'secalis')",1
594,AA3,Trichoderma,"('GCF_003025115.1', 'Fungi', 'Trichoderma', 'citrinoviride')",13
595,AA6,Trichoderma,"('GCF_003025115.1', 'Fungi', 'Trichoderma', 'citrinoviride')",1
596,CBM43,Trichoderma,"('GCF_003025115.1', 'Fungi', 'Trichoderma', 'citrinoviride')",2
597,GH0,Trichoderma,"('GCF_003025115.1', 'Fungi', 'Trichoderma', 'citrinoviride')",5
598,GH17,Trichoderma,"('GCF_003025115.1', 'Fungi', 'Trichoderma', 'citrinoviride')",4
599,GH2,Trichoderma,"('GCF_003025115.1', 'Fungi', 'Trichoderma', 'citrinoviride')",8
600,GH3,Trichoderma,"('GCF_003025115.1', 'Fungi', 'Trichoderma', 'citrinoviride')",13
601,GH31,Trichoderma,"('GCF_003025115.1', 'Fungi', 'Trichoderma', 'citrinoviride')",5
602,GH37,Trichoderma,"('GCF_003025115.1', 'Fungi', 'Trichoderma', 'citrinoviride')",2
603,GH38,Trichoderma,"('GCF_003025115.1', 'Fungi', 'Trichoderma', 'citrinoviride')",1
604,GH47,Trichoderma,"('GCF_003025115.1', 'Fungi', 'Trichoderma', 'citrinoviride')",8
605,GH5,Trichoderma,"('GCF_003025115.1', 'Fungi', 'Trichoderma', 'citrinoviride')",7
606,GH63,Trichoderma,"('GCF_003025115.1', 'Fungi', 'Trichoderma', 'citrinoviride')",1
607,GH72,Trichoderma,"('GCF_003025115.1', 'Fungi', 'Trichoderma', 'citrinoviride')",5
608,GT1,Trichoderma,"('GCF_003025115.1', 'Fungi', 'Trichoderma', 'citrinoviride')",6
609,GT2,Trichoderma,"('GCF_003025115.1', 'Fungi', 'Trichoderma', 'citrinoviride')",12
610,GT20,Trichoderma,"('GCF_003025115.1', 'Fungi', 'Trichoderma', 'citrinoviride')",4
611,GT22,Trichoderma,"('GCF_003025115.1', 'Fungi', 'Trichoderma', 'citrinoviride')",4
612,GT33,Trichoderma,"('GCF_003025115.1', 'Fungi', 'Trichoderma', 'citrinoviride')",1
613,GT4,Trichoderma,"('GCF_003025115.1', 'Fungi', 'Trichoderma', 'citrinoviride')",5
614,GT41,Trichoderma,"('GCF_003025115.1', 'Fungi', 'Trichoderma', 'citrinoviride')",1
615,GT48,Trichoderma,"('GCF_003025115.1', 'Fungi', 'Trichoderma', 'citrinoviride')",1
616,GT50,Trichoderma,"('GCF_003025115.1', 'Fungi', 'Trichoderma', 'citrinoviride')",1
617,GT57,Trichoderma,"('GCF_003025115.1', 'Fungi', 'Trichoderma', 'citrinoviride')",2
618,GT58,Trichoderma,"('GCF_003025115.1', 'Fungi', 'Trichoderma', 'citrinoviride')",1
619,GT66,Trichoderma,"('GCF_003025115.1', 'Fungi', 'Trichoderma', 'citrinoviride')",1
620,GT71,Trichoderma,"('GCF_003025115.1', 'Fungi', 'Trichoderma', 'citrinoviride')",1
621,AA3,Fusarium,"('GCA_003615165.1', 'Fungi', 'Fusarium', 'oxysporum')",30
622,AA6,Fusarium,"('GCA_003615165.1', 'Fungi', 'Fusarium', 'oxysporum')",1
623,CBM43,Fusarium,"('GCA_003615165.1', 'Fungi', 'Fusarium', 'oxysporum')",1
624,GH0,Fusarium,"('GCA_003615165.1', 'Fungi', 'Fusarium', 'oxysporum')",2
625,GH17,Fusarium,"('GCA_003615165.1', 'Fungi', 'Fusarium', 'oxysporum')",6
626,GH2,Fusarium,"('GCA_003615165.1', 'Fungi', 'Fusarium', 'oxysporum')",10
627,GH3,Fusarium,"('GCA_003615165.1', 'Fungi', 'Fusarium', 'oxysporum')",35
628,GH31,Fusarium,"('GCA_003615165.1', 'Fungi', 'Fusarium', 'oxysporum')",8
629,GH37,Fusarium,"('GCA_003615165.1', 'Fungi', 'Fusarium', 'oxysporum')",2
630,GH38,Fusarium,"('GCA_003615165.1', 'Fungi', 'Fusarium', 'oxysporum')",1
631,GH47,Fusarium,"('GCA_003615165.1', 'Fungi', 'Fusarium', 'oxysporum')",10
632,GH5,Fusarium,"('GCA_003615165.1', 'Fungi', 'Fusarium', 'oxysporum')",21
633,GH63,Fusarium,"('GCA_003615165.1', 'Fungi', 'Fusarium', 'oxysporum')",1
634,GH72,Fusarium,"('GCA_003615165.1', 'Fungi', 'Fusarium', 'oxysporum')",3
635,GT1,Fusarium,"('GCA_003615165.1', 'Fungi', 'Fusarium', 'oxysporum')",17
636,GT2,Fusarium,"('GCA_003615165.1', 'Fungi', 'Fusarium', 'oxysporum')",19
637,GT20,Fusarium,"('GCA_003615165.1', 'Fungi', 'Fusarium', 'oxysporum')",3
638,GT22,Fusarium,"('GCA_003615165.1', 'Fungi', 'Fusarium', 'oxysporum')",4
639,GT33,Fusarium,"('GCA_003615165.1', 'Fungi', 'Fusarium', 'oxysporum')",1
640,GT4,Fusarium,"('GCA_003615165.1', 'Fungi', 'Fusarium', 'oxysporum')",7
641,GT41,Fusarium,"('GCA_003615165.1', 'Fungi', 'Fusarium', 'oxysporum')",1
642,GT48,Fusarium,"('GCA_003615165.1', 'Fungi', 'Fusarium', 'oxysporum')",1
643,GT50,Fusarium,"('GCA_003615165.1', 'Fungi', 'Fusarium', 'oxysporum')",1
644,GT57,Fusarium,"('GCA_003615165.1', 'Fungi', 'Fusarium', 'oxysporum')",2
645,GT58,Fusarium,"('GCA_003615165.1', 'Fungi', 'Fusarium', 'oxysporum')",1
646,GT66,Fusarium,"('GCA_003615165.1', 'Fungi', 'Fusarium', 'oxysporum')",1
647,GT71,Fusarium,"('GCA_003615165.1', 'Fungi', 'Fusarium', 'oxysporum')",3
648,AA3,Phytophthora,"('GCA_000509485.1', 'Oomycete', 'Phytophthora', 'parasitica')",8
649,AA6,Phytophthora,"('GCA_000509485.1', 'Oomycete', 'Phytophthora', 'parasitica')",5
650,CBM43,Phytophthora,"('GCA_000509485.1', 'Oomycete', 'Phytophthora', 'parasitica')",3
651,GH0,Phytophthora,"('GCA_000509485.1', 'Oomycete', 'Phytophthora', 'parasitica')",1
652,GH17,Phytophthora,"('GCA_000509485.1', 'Oomycete', 'Phytophthora', 'parasitica')",6
653,GH2,Phytophthora,"('GCA_000509485.1', 'Oomycete', 'Phytophthora', 'parasitica')",2
654,GH3,Phytophthora,"('GCA_000509485.1', 'Oomycete', 'Phytophthora', 'parasitica')",20
655,GH31,Phytophthora,"('GCA_000509485.1', 'Oomycete', 'Phytophthora', 'parasitica')",11
656,GH37,Phytophthora,"('GCA_000509485.1', 'Oomycete', 'Phytophthora', 'parasitica')",2
657,GH38,Phytophthora,"('GCA_000509485.1', 'Oomycete', 'Phytophthora', 'parasitica')",1
658,GH47,Phytophthora,"('GCA_000509485.1', 'Oomycete', 'Phytophthora', 'parasitica')",5
659,GH5,Phytophthora,"('GCA_000509485.1', 'Oomycete', 'Phytophthora', 'parasitica')",27
660,GH63,Phytophthora,"('GCA_000509485.1', 'Oomycete', 'Phytophthora', 'parasitica')",1
661,GH72,Phytophthora,"('GCA_000509485.1', 'Oomycete', 'Phytophthora', 'parasitica')",12
662,GT1,Phytophthora,"('GCA_000509485.1', 'Oomycete', 'Phytophthora', 'parasitica')",8
663,GT2,Phytophthora,"('GCA_000509485.1', 'Oomycete', 'Phytophthora', 'parasitica')",6
664,GT20,Phytophthora,"('GCA_000509485.1', 'Oomycete', 'Phytophthora', 'parasitica')",17
665,GT22,Phytophthora,"('GCA_000509485.1', 'Oomycete', 'Phytophthora', 'parasitica')",10
666,GT33,Phytophthora,"('GCA_000509485.1', 'Oomycete', 'Phytophthora', 'parasitica')",1
667,GT4,Phytophthora,"('GCA_000509485.1', 'Oomycete', 'Phytophthora', 'parasitica')",5
668,GT41,Phytophthora,"('GCA_000509485.1', 'Oomycete', 'Phytophthora', 'parasitica')",2
669,GT48,Phytophthora,"('GCA_000509485.1', 'Oomycete', 'Phytophthora', 'parasitica')",7
670,GT50,Phytophthora,"('GCA_000509485.1', 'Oomycete', 'Phytophthora', 'parasitica')",2
671,GT57,Phytophthora,"('GCA_000509485.1', 'Oomycete', 'Phytophthora', 'parasitica')",3
672,GT58,Phytophthora,"('GCA_000509485.1', 'Oomycete', 'Phytophthora', 'parasitica')",1
673,GT66,Phytophthora,"('GCA_000509485.1', 'Oomycete', 'Phytophthora', 'parasitica')",3
674,GT71,Phytophthora,"('GCA_000509485.1', 'Oomycete', 'Phytophthora', 'parasitica')",39
675,AA3,Trichoderma,"('GCA_002838845.1', 'Fungi', 'Trichoderma', 'harzianum')",20
676,AA6,Trichoderma,"('GCA_002838845.1', 'Fungi', 'Trichoderma', 'harzianum')",1
677,CBM43,Trichoderma,"('GCA_002838845.1', 'Fungi', 'Trichoderma', 'harzianum')",2
678,GH0,Trichoderma,"('GCA_002838845.1', 'Fungi', 'Trichoderma', 'harzianum')",5
679,GH17,Trichoderma,"('GCA_002838845.1', 'Fungi', 'Trichoderma', 'harzianum')",4
680,GH2,Trichoderma,"('GCA_002838845.1', 'Fungi', 'Trichoderma', 'harzianum')",12
681,GH3,Trichoderma,"('GCA_002838845.1', 'Fungi', 'Trichoderma', 'harzianum')",17
682,GH31,Trichoderma,"('GCA_002838845.1', 'Fungi', 'Trichoderma', 'harzianum')",5
683,GH37,Trichoderma,"('GCA_002838845.1', 'Fungi', 'Trichoderma', 'harzianum')",2
684,GH38,Trichoderma,"('GCA_002838845.1', 'Fungi', 'Trichoderma', 'harzianum')",2
685,GH47,Trichoderma,"('GCA_002838845.1', 'Fungi', 'Trichoderma', 'harzianum')",9
686,GH5,Trichoderma,"('GCA_002838845.1', 'Fungi', 'Trichoderma', 'harzianum')",10
687,GH63,Trichoderma,"('GCA_002838845.1', 'Fungi', 'Trichoderma', 'harzianum')",1
688,GH72,Trichoderma,"('GCA_002838845.1', 'Fungi', 'Trichoderma', 'harzianum')",5
689,GT1,Trichoderma,"('GCA_002838845.1', 'Fungi', 'Trichoderma', 'harzianum')",6
690,GT2,Trichoderma,"('GCA_002838845.1', 'Fungi', 'Trichoderma', 'harzianum')",13
691,GT20,Trichoderma,"('GCA_002838845.1', 'Fungi', 'Trichoderma', 'harzianum')",4
692,GT22,Trichoderma,"('GCA_002838845.1', 'Fungi', 'Trichoderma', 'harzianum')",4
693,GT33,Trichoderma,"('GCA_002838845.1', 'Fungi', 'Trichoderma', 'harzianum')",1
694,GT4,Trichoderma,"('GCA_002838845.1', 'Fungi', 'Trichoderma', 'harzianum')",5
695,GT41,Trichoderma,"('GCA_002838845.1', 'Fungi', 'Trichoderma', 'harzianum')",1
696,GT48,Trichoderma,"('GCA_002838845.1', 'Fungi', 'Trichoderma', 'harzianum')",1
697,GT50,Trichoderma,"('GCA_002838845.1', 'Fungi', 'Trichoderma', 'harzianum')",1
698,GT57,Trichoderma,"('GCA_002838845.1', 'Fungi', 'Trichoderma', 'harzianum')",2
699,GT58,Trichoderma,"('GCA_002838845.1', 'Fungi', 'Trichoderma', 'harzianum')",1
700,GT66,Trichoderma,"('GCA_002838845.1', 'Fungi', 'Trichoderma', 'harzianum')",1
701,GT71,Trichoderma,"('GCA_002838845.1', 'Fungi', 'Trichoderma', 'harzianum')",1
702,AA3,Trichoderma,"('GCA_002894145.1', 'Fungi', 'Trichoderma', 'harzianum')",16
703,AA6,Trichoderma,"('GCA_002894145.1', 'Fungi', 'Trichoderma', 'harzianum')",1
704,CBM43,Trichoderma,"('GCA_002894145.1', 'Fungi', 'Trichoderma', 'harzianum')",2
705,GH0,Trichoderma,"('GCA_002894145.1', 'Fungi', 'Trichoderma', 'harzianum')",4
706,GH17,Trichoderma,"('GCA_002894145.1', 'Fungi', 'Trichoderma', 'harzianum')",4
707,GH2,Trichoderma,"('GCA_002894145.1', 'Fungi', 'Trichoderma', 'harzianum')",11
708,GH3,Trichoderma,"('GCA_002894145.1', 'Fungi', 'Trichoderma', 'harzianum')",15
709,GH31,Trichoderma,"('GCA_002894145.1', 'Fungi', 'Trichoderma', 'harzianum')",5
710,GH37,Trichoderma,"('GCA_002894145.1', 'Fungi', 'Trichoderma', 'harzianum')",2
711,GH38,Trichoderma,"('GCA_002894145.1', 'Fungi', 'Trichoderma', 'harzianum')",1
712,GH47,Trichoderma,"('GCA_002894145.1', 'Fungi', 'Trichoderma', 'harzianum')",8
713,GH5,Trichoderma,"('GCA_002894145.1', 'Fungi', 'Trichoderma', 'harzianum')",10
714,GH63,Trichoderma,"('GCA_002894145.1', 'Fungi', 'Trichoderma', 'harzianum')",1
715,GH72,Trichoderma,"('GCA_002894145.1', 'Fungi', 'Trichoderma', 'harzianum')",5
716,GT1,Trichoderma,"('GCA_002894145.1', 'Fungi', 'Trichoderma', 'harzianum')",8
717,GT2,Trichoderma,"('GCA_002894145.1', 'Fungi', 'Trichoderma', 'harzianum')",12
718,GT20,Trichoderma,"('GCA_002894145.1', 'Fungi', 'Trichoderma', 'harzianum')",4
719,GT22,Trichoderma,"('GCA_002894145.1', 'Fungi', 'Trichoderma', 'harzianum')",4
720,GT33,Trichoderma,"('GCA_002894145.1', 'Fungi', 'Trichoderma', 'harzianum')",1
721,GT4,Trichoderma,"('GCA_002894145.1', 'Fungi', 'Trichoderma', 'harzianum')",5
722,GT41,Trichoderma,"('GCA_002894145.1', 'Fungi', 'Trichoderma', 'harzianum')",1
723,GT48,Trichoderma,"('GCA_002894145.1', 'Fungi', 'Trichoderma', 'harzianum')",1
724,GT50,Trichoderma,"('GCA_002894145.1', 'Fungi', 'Trichoderma', 'harzianum')",1
725,GT57,Trichoderma,"('GCA_002894145.1', 'Fungi', 'Trichoderma', 'harzianum')",2
726,GT58,Trichoderma,"('GCA_002894145.1', 'Fungi', 'Trichoderma', 'harzianum')",1
727,GT66,Trichoderma,"('GCA_002894145.1', 'Fungi', 'Trichoderma', 'harzianum')",1
728,GT71,Trichoderma,"('GCA_002894145.1', 'Fungi', 'Trichoderma', 'harzianum')",1
729,AA3,Magnaporthe,"('GCF_004355905.1', 'Fungi', 'Magnaporthe', 'grisea')",21
730,AA6,Magnaporthe,"('GCF_004355905.1', 'Fungi', 'Magnaporthe', 'grisea')",1
731,CBM43,Magnaporthe,"('GCF_004355905.1', 'Fungi', 'Magnaporthe', 'grisea')",2
732,GH0,Magnaporthe,"('GCF_004355905.1', 'Fungi', 'Magnaporthe', 'grisea')",2
733,GH17,Magnaporthe,"('GCF_004355905.1', 'Fungi', 'Magnaporthe', 'grisea')",7
734,GH2,Magnaporthe,"('GCF_004355905.1', 'Fungi', 'Magnaporthe', 'grisea')",8
735,GH3,Magnaporthe,"('GCF_004355905.1', 'Fungi', 'Magnaporthe', 'grisea')",17
736,GH31,Magnaporthe,"('GCF_004355905.1', 'Fungi', 'Magnaporthe', 'grisea')",5
737,GH37,Magnaporthe,"('GCF_004355905.1', 'Fungi', 'Magnaporthe', 'grisea')",2
738,GH38,Magnaporthe,"('GCF_004355905.1', 'Fungi', 'Magnaporthe', 'grisea')",2
739,GH47,Magnaporthe,"('GCF_004355905.1', 'Fungi', 'Magnaporthe', 'grisea')",9
740,GH5,Magnaporthe,"('GCF_004355905.1', 'Fungi', 'Magnaporthe', 'grisea')",14
741,GH63,Magnaporthe,"('GCF_004355905.1', 'Fungi', 'Magnaporthe', 'grisea')",2
742,GH72,Magnaporthe,"('GCF_004355905.1', 'Fungi', 'Magnaporthe', 'grisea')",5
743,GT1,Magnaporthe,"('GCF_004355905.1', 'Fungi', 'Magnaporthe', 'grisea')",9
744,GT2,Magnaporthe,"('GCF_004355905.1', 'Fungi', 'Magnaporthe', 'grisea')",12
745,GT20,Magnaporthe,"('GCF_004355905.1', 'Fungi', 'Magnaporthe', 'grisea')",3
746,GT22,Magnaporthe,"('GCF_004355905.1', 'Fungi', 'Magnaporthe', 'grisea')",4
747,GT33,Magnaporthe,"('GCF_004355905.1', 'Fungi', 'Magnaporthe', 'grisea')",1
748,GT4,Magnaporthe,"('GCF_004355905.1', 'Fungi', 'Magnaporthe', 'grisea')",4
749,GT41,Magnaporthe,"('GCF_004355905.1', 'Fungi', 'Magnaporthe', 'grisea')",1
750,GT48,Magnaporthe,"('GCF_004355905.1', 'Fungi', 'Magnaporthe', 'grisea')",1
751,GT50,Magnaporthe,"('GCF_004355905.1', 'Fungi', 'Magnaporthe', 'grisea')",1
752,GT57,Magnaporthe,"('GCF_004355905.1', 'Fungi', 'Magnaporthe', 'grisea')",2
753,GT58,Magnaporthe,"('GCF_004355905.1', 'Fungi', 'Magnaporthe', 'grisea')",1
754,GT66,Magnaporthe,"('GCF_004355905.1', 'Fungi', 'Magnaporthe', 'grisea')",1
755,GT71,Magnaporthe,"('GCF_004355905.1', 'Fungi', 'Magnaporthe', 'grisea')",4
756,AA3,Plasmopara,"('GCF_900000015.1', 'Oomycete', 'Plasmopara', 'halstedii')",3
757,AA6,Plasmopara,"('GCF_900000015.1', 'Oomycete', 'Plasmopara', 'halstedii')",1
758,CBM43,Plasmopara,"('GCF_900000015.1', 'Oomycete', 'Plasmopara', 'halstedii')",2
759,GH0,Plasmopara,"('GCF_900000015.1', 'Oomycete', 'Plasmopara', 'halstedii')",1
760,GH17,Plasmopara,"('GCF_900000015.1', 'Oomycete', 'Plasmopara', 'halstedii')",5
761,GH2,Plasmopara,"('GCF_900000015.1', 'Oomycete', 'Plasmopara', 'halstedii')",1
762,GH3,Plasmopara,"('GCF_900000015.1', 'Oomycete', 'Plasmopara', 'halstedii')",6
763,GH31,Plasmopara,"('GCF_900000015.1', 'Oomycete', 'Plasmopara', 'halstedii')",3
764,GH37,Plasmopara,"('GCF_900000015.1', 'Oomycete', 'Plasmopara', 'halstedii')",2
765,GH38,Plasmopara,"('GCF_900000015.1', 'Oomycete', 'Plasmopara', 'halstedii')",1
766,GH47,Plasmopara,"('GCF_900000015.1', 'Oomycete', 'Plasmopara', 'halstedii')",3
767,GH5,Plasmopara,"('GCF_900000015.1', 'Oomycete', 'Plasmopara', 'halstedii')",11
768,GH63,Plasmopara,"('GCF_900000015.1', 'Oomycete', 'Plasmopara', 'halstedii')",1
769,GH72,Plasmopara,"('GCF_900000015.1', 'Oomycete', 'Plasmopara', 'halstedii')",7
770,GT1,Plasmopara,"('GCF_900000015.1', 'Oomycete', 'Plasmopara', 'halstedii')",3
771,GT2,Plasmopara,"('GCF_900000015.1', 'Oomycete', 'Plasmopara', 'halstedii')",7
772,GT20,Plasmopara,"('GCF_900000015.1', 'Oomycete', 'Plasmopara', 'halstedii')",7
773,GT22,Plasmopara,"('GCF_900000015.1', 'Oomycete', 'Plasmopara', 'halstedii')",3
774,GT33,Plasmopara,"('GCF_900000015.1', 'Oomycete', 'Plasmopara', 'halstedii')",1
775,GT4,Plasmopara,"('GCF_900000015.1', 'Oomycete', 'Plasmopara', 'halstedii')",3
776,GT41,Plasmopara,"('GCF_900000015.1', 'Oomycete', 'Plasmopara', 'halstedii')",3
777,GT48,Plasmopara,"('GCF_900000015.1', 'Oomycete', 'Plasmopara', 'halstedii')",7
778,GT50,Plasmopara,"('GCF_900000015.1', 'Oomycete', 'Plasmopara', 'halstedii')",1
779,GT57,Plasmopara,"('GCF_900000015.1', 'Oomycete', 'Plasmopara', 'halstedii')",2
780,GT58,Plasmopara,"('GCF_900000015.1', 'Oomycete', 'Plasmopara', 'halstedii')",1
781,GT66,Plasmopara,"('GCF_900000015.1', 'Oomycete', 'Plasmopara', 'halstedii')",2
782,GT71,Plasmopara,"('GCF_900000015.1', 'Oomycete', 'Plasmopara', 'halstedii')",17
783,AA3,Magnaporthe,"('GCA_004346965.1', 'Fungi', 'Magnaporthe', 'oryzae')",22
784,AA6,Magnaporthe,"('GCA_004346965.1', 'Fungi', 'Magnaporthe', 'oryzae')",1
785,CBM43,Magnaporthe,"('GCA_004346965.1', 'Fungi', 'Magnaporthe', 'oryzae')",2
786,GH0,Magnaporthe,"('GCA_004346965.1', 'Fungi', 'Magnaporthe', 'oryzae')",3
787,GH17,Magnaporthe,"('GCA_004346965.1', 'Fungi', 'Magnaporthe', 'oryzae')",7
788,GH2,Magnaporthe,"('GCA_004346965.1', 'Fungi', 'Magnaporthe', 'oryzae')",8
789,GH3,Magnaporthe,"('GCA_004346965.1', 'Fungi', 'Magnaporthe', 'oryzae')",21
790,GH31,Magnaporthe,"('GCA_004346965.1', 'Fungi', 'Magnaporthe', 'oryzae')",6
791,GH37,Magnaporthe,"('GCA_004346965.1', 'Fungi', 'Magnaporthe', 'oryzae')",2
792,GH38,Magnaporthe,"('GCA_004346965.1', 'Fungi', 'Magnaporthe', 'oryzae')",2
793,GH47,Magnaporthe,"('GCA_004346965.1', 'Fungi', 'Magnaporthe', 'oryzae')",9
794,GH5,Magnaporthe,"('GCA_004346965.1', 'Fungi', 'Magnaporthe', 'oryzae')",13
795,GH63,Magnaporthe,"('GCA_004346965.1', 'Fungi', 'Magnaporthe', 'oryzae')",1
796,GH72,Magnaporthe,"('GCA_004346965.1', 'Fungi', 'Magnaporthe', 'oryzae')",5
797,GT1,Magnaporthe,"('GCA_004346965.1', 'Fungi', 'Magnaporthe', 'oryzae')",11
798,GT2,Magnaporthe,"('GCA_004346965.1', 'Fungi', 'Magnaporthe', 'oryzae')",12
799,GT20,Magnaporthe,"('GCA_004346965.1', 'Fungi', 'Magnaporthe', 'oryzae')",2
800,GT22,Magnaporthe,"('GCA_004346965.1', 'Fungi', 'Magnaporthe', 'oryzae')",4
801,GT33,Magnaporthe,"('GCA_004346965.1', 'Fungi', 'Magnaporthe', 'oryzae')",1
802,GT4,Magnaporthe,"('GCA_004346965.1', 'Fungi', 'Magnaporthe', 'oryzae')",4
803,GT41,Magnaporthe,"('GCA_004346965.1', 'Fungi', 'Magnaporthe', 'oryzae')",1
804,GT48,Magnaporthe,"('GCA_004346965.1', 'Fungi', 'Magnaporthe', 'oryzae')",1
805,GT50,Magnaporthe,"('GCA_004346965.1', 'Fungi', 'Magnaporthe', 'oryzae')",1
806,GT57,Magnaporthe,"('GCA_004346965.1', 'Fungi', 'Magnaporthe', 'oryzae')",2
807,GT58,Magnaporthe,"('GCA_004346965.1', 'Fungi', 'Magnaporthe', 'oryzae')",1
808,GT66,Magnaporthe,"('GCA_004346965.1', 'Fungi', 'Magnaporthe', 'oryzae')",1
809,GT71,Magnaporthe,"('GCA_004346965.1', 'Fungi', 'Magnaporthe', 'oryzae')",4
810,AA3,Fusarium,"('GCA_003615115.1', 'Fungi', 'Fusarium', 'oxysporum')",29
811,AA6,Fusarium,"('GCA_003615115.1', 'Fungi', 'Fusarium', 'oxysporum')",1
812,CBM43,Fusarium,"('GCA_003615115.1', 'Fungi', 'Fusarium', 'oxysporum')",1
813,GH0,Fusarium,"('GCA_003615115.1', 'Fungi', 'Fusarium', 'oxysporum')",2
814,GH17,Fusarium,"('GCA_003615115.1', 'Fungi', 'Fusarium', 'oxysporum')",6
815,GH2,Fusarium,"('GCA_003615115.1', 'Fungi', 'Fusarium', 'oxysporum')",10
816,GH3,Fusarium,"('GCA_003615115.1', 'Fungi', 'Fusarium', 'oxysporum')",41
817,GH31,Fusarium,"('GCA_003615115.1', 'Fungi', 'Fusarium', 'oxysporum')",9
818,GH37,Fusarium,"('GCA_003615115.1', 'Fungi', 'Fusarium', 'oxysporum')",2
819,GH38,Fusarium,"('GCA_003615115.1', 'Fungi', 'Fusarium', 'oxysporum')",1
820,GH47,Fusarium,"('GCA_003615115.1', 'Fungi', 'Fusarium', 'oxysporum')",10
821,GH5,Fusarium,"('GCA_003615115.1', 'Fungi', 'Fusarium', 'oxysporum')",23
822,GH63,Fusarium,"('GCA_003615115.1', 'Fungi', 'Fusarium', 'oxysporum')",1
823,GH72,Fusarium,"('GCA_003615115.1', 'Fungi', 'Fusarium', 'oxysporum')",3
824,GT1,Fusarium,"('GCA_003615115.1', 'Fungi', 'Fusarium', 'oxysporum')",20
825,GT2,Fusarium,"('GCA_003615115.1', 'Fungi', 'Fusarium', 'oxysporum')",19
826,GT20,Fusarium,"('GCA_003615115.1', 'Fungi', 'Fusarium', 'oxysporum')",3
827,GT22,Fusarium,"('GCA_003615115.1', 'Fungi', 'Fusarium', 'oxysporum')",4
828,GT33,Fusarium,"('GCA_003615115.1', 'Fungi', 'Fusarium', 'oxysporum')",1
829,GT4,Fusarium,"('GCA_003615115.1', 'Fungi', 'Fusarium', 'oxysporum')",6
830,GT41,Fusarium,"('GCA_003615115.1', 'Fungi', 'Fusarium', 'oxysporum')",1
831,GT48,Fusarium,"('GCA_003615115.1', 'Fungi', 'Fusarium', 'oxysporum')",1
832,GT50,Fusarium,"('GCA_003615115.1', 'Fungi', 'Fusarium', 'oxysporum')",1
833,GT57,Fusarium,"('GCA_003615115.1', 'Fungi', 'Fusarium', 'oxysporum')",2
834,GT58,Fusarium,"('GCA_003615115.1', 'Fungi', 'Fusarium', 'oxysporum')",1
835,GT66,Fusarium,"('GCA_003615115.1', 'Fungi', 'Fusarium', 'oxysporum')",1
836,GT71,Fusarium,"('GCA_003615115.1', 'Fungi', 'Fusarium', 'oxysporum')",3
837,AA3,Fusarium,"('GCA_003615155.1', 'Fungi', 'Fusarium', 'oxysporum')",28
838,AA6,Fusarium,"('GCA_003615155.1', 'Fungi', 'Fusarium', 'oxysporum')",1
839,CBM43,Fusarium,"('GCA_003615155.1', 'Fungi', 'Fusarium', 'oxysporum')",1
840,GH0,Fusarium,"('GCA_003615155.1', 'Fungi', 'Fusarium', 'oxysporum')",2
841,GH17,Fusarium,"('GCA_003615155.1', 'Fungi', 'Fusarium', 'oxysporum')",6
842,GH2,Fusarium,"('GCA_003615155.1', 'Fungi', 'Fusarium', 'oxysporum')",11
843,GH3,Fusarium,"('GCA_003615155.1', 'Fungi', 'Fusarium', 'oxysporum')",36
844,GH31,Fusarium,"('GCA_003615155.1', 'Fungi', 'Fusarium', 'oxysporum')",9
845,GH37,Fusarium,"('GCA_003615155.1', 'Fungi', 'Fusarium', 'oxysporum')",2
846,GH38,Fusarium,"('GCA_003615155.1', 'Fungi', 'Fusarium', 'oxysporum')",1
847,GH47,Fusarium,"('GCA_003615155.1', 'Fungi', 'Fusarium', 'oxysporum')",10
848,GH5,Fusarium,"('GCA_003615155.1', 'Fungi', 'Fusarium', 'oxysporum')",23
849,GH63,Fusarium,"('GCA_003615155.1', 'Fungi', 'Fusarium', 'oxysporum')",1
850,GH72,Fusarium,"('GCA_003615155.1', 'Fungi', 'Fusarium', 'oxysporum')",3
851,GT1,Fusarium,"('GCA_003615155.1', 'Fungi', 'Fusarium', 'oxysporum')",17
852,GT2,Fusarium,"('GCA_003615155.1', 'Fungi', 'Fusarium', 'oxysporum')",18
853,GT20,Fusarium,"('GCA_003615155.1', 'Fungi', 'Fusarium', 'oxysporum')",3
854,GT22,Fusarium,"('GCA_003615155.1', 'Fungi', 'Fusarium', 'oxysporum')",4
855,GT33,Fusarium,"('GCA_003615155.1', 'Fungi', 'Fusarium', 'oxysporum')",1
856,GT4,Fusarium,"('GCA_003615155.1', 'Fungi', 'Fusarium', 'oxysporum')",7
857,GT41,Fusarium,"('GCA_003615155.1', 'Fungi', 'Fusarium', 'oxysporum')",1
858,GT48,Fusarium,"('GCA_003615155.1', 'Fungi', 'Fusarium', 'oxysporum')",1
859,GT50,Fusarium,"('GCA_003615155.1', 'Fungi', 'Fusarium', 'oxysporum')",1
860,GT57,Fusarium,"('GCA_003615155.1', 'Fungi', 'Fusarium', 'oxysporum')",2
861,GT58,Fusarium,"('GCA_003615155.1', 'Fungi', 'Fusarium', 'oxysporum')",1
862,GT66,Fusarium,"('GCA_003615155.1', 'Fungi', 'Fusarium', 'oxysporum')",1
863,GT71,Fusarium,"('GCA_003615155.1', 'Fungi', 'Fusarium', 'oxysporum')",3
864,AA3,Aspergillus,"('GCA_012656215.1', 'Fungi', 'Aspergillus', 'fumigatus')",13
865,AA6,Aspergillus,"('GCA_012656215.1', 'Fungi', 'Aspergillus', 'fumigatus')",1
866,CBM43,Aspergillus,"('GCA_012656215.1', 'Fungi', 'Aspergillus', 'fumigatus')",4
867,GH0,Aspergillus,"('GCA_012656215.1', 'Fungi', 'Aspergillus', 'fumigatus')",2
868,GH17,Aspergillus,"('GCA_012656215.1', 'Fungi', 'Aspergillus', 'fumigatus')",5
869,GH2,Aspergillus,"('GCA_012656215.1', 'Fungi', 'Aspergillus', 'fumigatus')",6
870,GH3,Aspergillus,"('GCA_012656215.1', 'Fungi', 'Aspergillus', 'fumigatus')",18
871,GH31,Aspergillus,"('GCA_012656215.1', 'Fungi', 'Aspergillus', 'fumigatus')",6
872,GH37,Aspergillus,"('GCA_012656215.1', 'Fungi', 'Aspergillus', 'fumigatus')",1
873,GH38,Aspergillus,"('GCA_012656215.1', 'Fungi', 'Aspergillus', 'fumigatus')",1
874,GH47,Aspergillus,"('GCA_012656215.1', 'Fungi', 'Aspergillus', 'fumigatus')",5
875,GH5,Aspergillus,"('GCA_012656215.1', 'Fungi', 'Aspergillus', 'fumigatus')",13
876,GH63,Aspergillus,"('GCA_012656215.1', 'Fungi', 'Aspergillus', 'fumigatus')",1
877,GH72,Aspergillus,"('GCA_012656215.1', 'Fungi', 'Aspergillus', 'fumigatus')",7
878,GT1,Aspergillus,"('GCA_012656215.1', 'Fungi', 'Aspergillus', 'fumigatus')",5
879,GT2,Aspergillus,"('GCA_012656215.1', 'Fungi', 'Aspergillus', 'fumigatus')",15
880,GT20,Aspergillus,"('GCA_012656215.1', 'Fungi', 'Aspergillus', 'fumigatus')",7
881,GT22,Aspergillus,"('GCA_012656215.1', 'Fungi', 'Aspergillus', 'fumigatus')",4
882,GT33,Aspergillus,"('GCA_012656215.1', 'Fungi', 'Aspergillus', 'fumigatus')",1
883,GT4,Aspergillus,"('GCA_012656215.1', 'Fungi', 'Aspergillus', 'fumigatus')",5
884,GT41,Aspergillus,"('GCA_012656215.1', 'Fungi', 'Aspergillus', 'fumigatus')",1
885,GT48,Aspergillus,"('GCA_012656215.1', 'Fungi', 'Aspergillus', 'fumigatus')",1
886,GT50,Aspergillus,"('GCA_012656215.1', 'Fungi', 'Aspergillus', 'fumigatus')",1
887,GT57,Aspergillus,"('GCA_012656215.1', 'Fungi', 'Aspergillus', 'fumigatus')",2
888,GT58,Aspergillus,"('GCA_012656215.1', 'Fungi', 'Aspergillus', 'fumigatus')",1
889,GT66,Aspergillus,"('GCA_012656215.1', 'Fungi', 'Aspergillus', 'fumigatus')",1
890,GT71,Aspergillus,"('GCA_012656215.1', 'Fungi', 'Aspergillus', 'fumigatus')",3
891,AA3,Phytophthora,"('GCA_000509465.1', 'Oomycete', 'Phytophthora', 'parasitica')",8
892,AA6,Phytophthora,"('GCA_000509465.1', 'Oomycete', 'Phytophthora', 'parasitica')",4
893,CBM43,Phytophthora,"('GCA_000509465.1', 'Oomycete', 'Phytophthora', 'parasitica')",3
894,GH0,Phytophthora,"('GCA_000509465.1', 'Oomycete', 'Phytophthora', 'parasitica')",1
895,GH17,Phytophthora,"('GCA_000509465.1', 'Oomycete', 'Phytophthora', 'parasitica')",5
896,GH2,Phytophthora,"('GCA_000509465.1', 'Oomycete', 'Phytophthora', 'parasitica')",2
897,GH3,Phytophthora,"('GCA_000509465.1', 'Oomycete', 'Phytophthora', 'parasitica')",20
898,GH31,Phytophthora,"('GCA_000509465.1', 'Oomycete', 'Phytophthora', 'parasitica')",10
899,GH37,Phytophthora,"('GCA_000509465.1', 'Oomycete', 'Phytophthora', 'parasitica')",2
900,GH38,Phytophthora,"('GCA_000509465.1', 'Oomycete', 'Phytophthora', 'parasitica')",1
901,GH47,Phytophthora,"('GCA_000509465.1', 'Oomycete', 'Phytophthora', 'parasitica')",5
902,GH5,Phytophthora,"('GCA_000509465.1', 'Oomycete', 'Phytophthora', 'parasitica')",27
903,GH63,Phytophthora,"('GCA_000509465.1', 'Oomycete', 'Phytophthora', 'parasitica')",1
904,GH72,Phytophthora,"('GCA_000509465.1', 'Oomycete', 'Phytophthora', 'parasitica')",12
905,GT1,Phytophthora,"('GCA_000509465.1', 'Oomycete', 'Phytophthora', 'parasitica')",7
906,GT2,Phytophthora,"('GCA_000509465.1', 'Oomycete', 'Phytophthora', 'parasitica')",6
907,GT20,Phytophthora,"('GCA_000509465.1', 'Oomycete', 'Phytophthora', 'parasitica')",17
908,GT22,Phytophthora,"('GCA_000509465.1', 'Oomycete', 'Phytophthora', 'parasitica')",10
909,GT33,Phytophthora,"('GCA_000509465.1', 'Oomycete', 'Phytophthora', 'parasitica')",1
910,GT4,Phytophthora,"('GCA_000509465.1', 'Oomycete', 'Phytophthora', 'parasitica')",5
911,GT41,Phytophthora,"('GCA_000509465.1', 'Oomycete', 'Phytophthora', 'parasitica')",2
912,GT48,Phytophthora,"('GCA_000509465.1', 'Oomycete', 'Phytophthora', 'parasitica')",8
913,GT50,Phytophthora,"('GCA_000509465.1', 'Oomycete', 'Phytophthora', 'parasitica')",2
914,GT57,Phytophthora,"('GCA_000509465.1', 'Oomycete', 'Phytophthora', 'parasitica')",3
915,GT58,Phytophthora,"('GCA_000509465.1', 'Oomycete', 'Phytophthora', 'parasitica')",1
916,GT66,Phytophthora,"('GCA_000509465.1', 'Oomycete', 'Phytophthora', 'parasitica')",3
917,GT71,Phytophthora,"('GCA_000509465.1', 'Oomycete', 'Phytophthora', 'parasitica')",39
918,AA3,Phytophthora,"('GCA_000509505.1', 'Oomycete', 'Phytophthora', 'parasitica')",8
919,AA6,Phytophthora,"('GCA_000509505.1', 'Oomycete', 'Phytophthora', 'parasitica')",6
920,CBM43,Phytophthora,"('GCA_000509505.1', 'Oomycete', 'Phytophthora', 'parasitica')",3
921,GH0,Phytophthora,"('GCA_000509505.1', 'Oomycete', 'Phytophthora', 'parasitica')",1
922,GH17,Phytophthora,"('GCA_000509505.1', 'Oomycete', 'Phytophthora', 'parasitica')",6
923,GH2,Phytophthora,"('GCA_000509505.1', 'Oomycete', 'Phytophthora', 'parasitica')",2
924,GH3,Phytophthora,"('GCA_000509505.1', 'Oomycete', 'Phytophthora', 'parasitica')",20
925,GH31,Phytophthora,"('GCA_000509505.1', 'Oomycete', 'Phytophthora', 'parasitica')",11
926,GH37,Phytophthora,"('GCA_000509505.1', 'Oomycete', 'Phytophthora', 'parasitica')",2
927,GH38,Phytophthora,"('GCA_000509505.1', 'Oomycete', 'Phytophthora', 'parasitica')",1
928,GH47,Phytophthora,"('GCA_000509505.1', 'Oomycete', 'Phytophthora', 'parasitica')",5
929,GH5,Phytophthora,"('GCA_000509505.1', 'Oomycete', 'Phytophthora', 'parasitica')",26
930,GH63,Phytophthora,"('GCA_000509505.1', 'Oomycete', 'Phytophthora', 'parasitica')",1
931,GH72,Phytophthora,"('GCA_000509505.1', 'Oomycete', 'Phytophthora', 'parasitica')",12
932,GT1,Phytophthora,"('GCA_000509505.1', 'Oomycete', 'Phytophthora', 'parasitica')",7
933,GT2,Phytophthora,"('GCA_000509505.1', 'Oomycete', 'Phytophthora', 'parasitica')",6
934,GT20,Phytophthora,"('GCA_000509505.1', 'Oomycete', 'Phytophthora', 'parasitica')",17
935,GT22,Phytophthora,"('GCA_000509505.1', 'Oomycete', 'Phytophthora', 'parasitica')",3
936,GT33,Phytophthora,"('GCA_000509505.1', 'Oomycete', 'Phytophthora', 'parasitica')",1
937,GT4,Phytophthora,"('GCA_000509505.1', 'Oomycete', 'Phytophthora', 'parasitica')",5
938,GT41,Phytophthora,"('GCA_000509505.1', 'Oomycete', 'Phytophthora', 'parasitica')",2
939,GT48,Phytophthora,"('GCA_000509505.1', 'Oomycete', 'Phytophthora', 'parasitica')",8
940,GT50,Phytophthora,"('GCA_000509505.1', 'Oomycete', 'Phytophthora', 'parasitica')",2
941,GT57,Phytophthora,"('GCA_000509505.1', 'Oomycete', 'Phytophthora', 'parasitica')",3
942,GT58,Phytophthora,"('GCA_000509505.1', 'Oomycete', 'Phytophthora', 'parasitica')",1
943,GT66,Phytophthora,"('GCA_000509505.1', 'Oomycete', 'Phytophthora', 'parasitica')",3
944,GT71,Phytophthora,"('GCA_000509505.1', 'Oomycete', 'Phytophthora', 'parasitica')",39
945,AA3,Fusarium,"('GCA_000599445.1', 'Fungi', 'Fusarium', 'graminearum')",21
946,AA6,Fusarium,"('GCA_000599445.1', 'Fungi', 'Fusarium', 'graminearum')",1
947,CBM43,Fusarium,"('GCA_000599445.1', 'Fungi', 'Fusarium', 'graminearum')",1
948,GH0,Fusarium,"('GCA_000599445.1', 'Fungi', 'Fusarium', 'graminearum')",2
949,GH17,Fusarium,"('GCA_000599445.1', 'Fungi', 'Fusarium', 'graminearum')",6
950,GH2,Fusarium,"('GCA_000599445.1', 'Fungi', 'Fusarium', 'graminearum')",10
951,GH3,Fusarium,"('GCA_000599445.1', 'Fungi', 'Fusarium', 'graminearum')",21
952,GH31,Fusarium,"('GCA_000599445.1', 'Fungi', 'Fusarium', 'graminearum')",8
953,GH37,Fusarium,"('GCA_000599445.1', 'Fungi', 'Fusarium', 'graminearum')",2
954,GH38,Fusarium,"('GCA_000599445.1', 'Fungi', 'Fusarium', 'graminearum')",1
955,GH47,Fusarium,"('GCA_000599445.1', 'Fungi', 'Fusarium', 'graminearum')",10
956,GH5,Fusarium,"('GCA_000599445.1', 'Fungi', 'Fusarium', 'graminearum')",14
957,GH63,Fusarium,"('GCA_000599445.1', 'Fungi', 'Fusarium', 'graminearum')",1
958,GH72,Fusarium,"('GCA_000599445.1', 'Fungi', 'Fusarium', 'graminearum')",3
959,GT1,Fusarium,"('GCA_000599445.1', 'Fungi', 'Fusarium', 'graminearum')",13
960,GT2,Fusarium,"('GCA_000599445.1', 'Fungi', 'Fusarium', 'graminearum')",18
961,GT20,Fusarium,"('GCA_000599445.1', 'Fungi', 'Fusarium', 'graminearum')",3
962,GT22,Fusarium,"('GCA_000599445.1', 'Fungi', 'Fusarium', 'graminearum')",4
963,GT33,Fusarium,"('GCA_000599445.1', 'Fungi', 'Fusarium', 'graminearum')",1
964,GT4,Fusarium,"('GCA_000599445.1', 'Fungi', 'Fusarium', 'graminearum')",5
965,GT41,Fusarium,"('GCA_000599445.1', 'Fungi', 'Fusarium', 'graminearum')",1
966,GT48,Fusarium,"('GCA_000599445.1', 'Fungi', 'Fusarium', 'graminearum')",1
967,GT50,Fusarium,"('GCA_000599445.1', 'Fungi', 'Fusarium', 'graminearum')",1
968,GT57,Fusarium,"('GCA_000599445.1', 'Fungi', 'Fusarium', 'graminearum')",2
969,GT58,Fusarium,"('GCA_000599445.1', 'Fungi', 'Fusarium', 'graminearum')",1
970,GT66,Fusarium,"('GCA_000599445.1', 'Fungi', 'Fusarium', 'graminearum')",1
971,GT71,Fusarium,"('GCA_000599445.1', 'Fungi', 'Fusarium', 'graminearum')",4
972,AA3,Phytophthora,"('GCA_000509525.1', 'Oomycete', 'Phytophthora', 'parasitica')",8
973,AA6,Phytophthora,"('GCA_000509525.1', 'Oomycete', 'Phytophthora', 'parasitica')",7
974,CBM43,Phytophthora,"('GCA_000509525.1', 'Oomycete', 'Phytophthora', 'parasitica')",3
975,GH0,Phytophthora,"('GCA_000509525.1', 'Oomycete', 'Phytophthora', 'parasitica')",1
976,GH17,Phytophthora,"('GCA_000509525.1', 'Oomycete', 'Phytophthora', 'parasitica')",5
977,GH2,Phytophthora,"('GCA_000509525.1', 'Oomycete', 'Phytophthora', 'parasitica')",1
978,GH3,Phytophthora,"('GCA_000509525.1', 'Oomycete', 'Phytophthora', 'parasitica')",21
979,GH31,Phytophthora,"('GCA_000509525.1', 'Oomycete', 'Phytophthora', 'parasitica')",11
980,GH37,Phytophthora,"('GCA_000509525.1', 'Oomycete', 'Phytophthora', 'parasitica')",2
981,GH38,Phytophthora,"('GCA_000509525.1', 'Oomycete', 'Phytophthora', 'parasitica')",1
982,GH47,Phytophthora,"('GCA_000509525.1', 'Oomycete', 'Phytophthora', 'parasitica')",5
983,GH5,Phytophthora,"('GCA_000509525.1', 'Oomycete', 'Phytophthora', 'parasitica')",25
984,GH63,Phytophthora,"('GCA_000509525.1', 'Oomycete', 'Phytophthora', 'parasitica')",1
985,GH72,Phytophthora,"('GCA_000509525.1', 'Oomycete', 'Phytophthora', 'parasitica')",12
986,GT1,Phytophthora,"('GCA_000509525.1', 'Oomycete', 'Phytophthora', 'parasitica')",8
987,GT2,Phytophthora,"('GCA_000509525.1', 'Oomycete', 'Phytophthora', 'parasitica')",6
988,GT20,Phytophthora,"('GCA_000509525.1', 'Oomycete', 'Phytophthora', 'parasitica')",17
989,GT22,Phytophthora,"('GCA_000509525.1', 'Oomycete', 'Phytophthora', 'parasitica')",10
990,GT33,Phytophthora,"('GCA_000509525.1', 'Oomycete', 'Phytophthora', 'parasitica')",1
991,GT4,Phytophthora,"('GCA_000509525.1', 'Oomycete', 'Phytophthora', 'parasitica')",5
992,GT41,Phytophthora,"('GCA_000509525.1', 'Oomycete', 'Phytophthora', 'parasitica')",2
993,GT48,Phytophthora,"('GCA_000509525.1', 'Oomycete', 'Phytophthora', 'parasitica')",8
994,GT50,Phytophthora,"('GCA_000509525.1', 'Oomycete', 'Phytophthora', 'parasitica')",2
995,GT57,Phytophthora,"('GCA_000509525.1', 'Oomycete', 'Phytophthora', 'parasitica')",3
996,GT58,Phytophthora,"('GCA_000509525.1', 'Oomycete', 'Phytophthora', 'parasitica')",1
997,GT66,Phytophthora,"('GCA_000509525.1', 'Oomycete', 'Phytophthora', 'parasitica')",4
998,GT71,Phytophthora,"('GCA_000509525.1', 'Oomycete', 'Phytophthora', 'parasitica')",39
999,AA3,Rhynchosporium,"('GCA_900074885.1', 'Fungi', 'Rhynchosporium', 'commune')",22
1000,AA6,Rhynchosporium,"('GCA_900074885.1', 'Fungi', 'Rhynchosporium', 'commune')",1
1001,CBM43,Rhynchosporium,"('GCA_900074885.1', 'Fungi', 'Rhynchosporium', 'commune')",2
1002,GH0,Rhynchosporium,"('GCA_900074885.1', 'Fungi', 'Rhynchosporium', 'commune')",2
1003,GH17,Rhynchosporium,"('GCA_900074885.1', 'Fungi', 'Rhynchosporium', 'commune')",6
1004,GH2,Rhynchosporium,"('GCA_900074885.1', 'Fungi', 'Rhynchosporium', 'commune')",2
1005,GH3,Rhynchosporium,"('GCA_900074885.1', 'Fungi', 'Rhynchosporium', 'commune')",19
1006,GH31,Rhynchosporium,"('GCA_900074885.1', 'Fungi', 'Rhynchosporium', 'commune')",7
1007,GH37,Rhynchosporium,"('GCA_900074885.1', 'Fungi', 'Rhynchosporium', 'commune')",1
1008,GH38,Rhynchosporium,"('GCA_900074885.1', 'Fungi', 'Rhynchosporium', 'commune')",2
1009,GH47,Rhynchosporium,"('GCA_900074885.1', 'Fungi', 'Rhynchosporium', 'commune')",7
1010,GH5,Rhynchosporium,"('GCA_900074885.1', 'Fungi', 'Rhynchosporium', 'commune')",13
1011,GH63,Rhynchosporium,"('GCA_900074885.1', 'Fungi', 'Rhynchosporium', 'commune')",1
1012,GH72,Rhynchosporium,"('GCA_900074885.1', 'Fungi', 'Rhynchosporium', 'commune')",7
1013,GT1,Rhynchosporium,"('GCA_900074885.1', 'Fungi', 'Rhynchosporium', 'commune')",12
1014,GT2,Rhynchosporium,"('GCA_900074885.1', 'Fungi', 'Rhynchosporium', 'commune')",13
1015,GT20,Rhynchosporium,"('GCA_900074885.1', 'Fungi', 'Rhynchosporium', 'commune')",3
1016,GT22,Rhynchosporium,"('GCA_900074885.1', 'Fungi', 'Rhynchosporium', 'commune')",4
1017,GT33,Rhynchosporium,"('GCA_900074885.1', 'Fungi', 'Rhynchosporium', 'commune')",1
1018,GT4,Rhynchosporium,"('GCA_900074885.1', 'Fungi', 'Rhynchosporium', 'commune')",5
1019,GT41,Rhynchosporium,"('GCA_900074885.1', 'Fungi', 'Rhynchosporium', 'commune')",1
1020,GT48,Rhynchosporium,"('GCA_900074885.1', 'Fungi', 'Rhynchosporium', 'commune')",1
1021,GT50,Rhynchosporium,"('GCA_900074885.1', 'Fungi', 'Rhynchosporium', 'commune')",1
1022,GT57,Rhynchosporium,"('GCA_900074885.1', 'Fungi', 'Rhynchosporium', 'commune')",2
1023,GT58,Rhynchosporium,"('GCA_900074885.1', 'Fungi', 'Rhynchosporium', 'commune')",1
1024,GT66,Rhynchosporium,"('GCA_900074885.1', 'Fungi', 'Rhynchosporium', 'commune')",1
1025,GT71,Rhynchosporium,"('GCA_900074885.1', 'Fungi', 'Rhynchosporium', 'commune')",1
1026,AA3,Aspergillus,"('GCA_002234955.1', 'Fungi', 'Aspergillus', 'fumigatus')",14
1027,AA6,Aspergillus,"('GCA_002234955.1', 'Fungi', 'Aspergillus', 'fumigatus')",1
1028,CBM43,Aspergillus,"('GCA_002234955.1', 'Fungi', 'Aspergillus', 'fumigatus')",4
1029,GH0,Aspergillus,"('GCA_002234955.1', 'Fungi', 'Aspergillus', 'fumigatus')",2
1030,GH17,Aspergillus,"('GCA_002234955.1', 'Fungi', 'Aspergillus', 'fumigatus')",5
1031,GH2,Aspergillus,"('GCA_002234955.1', 'Fungi', 'Aspergillus', 'fumigatus')",7
1032,GH3,Aspergillus,"('GCA_002234955.1', 'Fungi', 'Aspergillus', 'fumigatus')",18
1033,GH31,Aspergillus,"('GCA_002234955.1', 'Fungi', 'Aspergillus', 'fumigatus')",6
1034,GH37,Aspergillus,"('GCA_002234955.1', 'Fungi', 'Aspergillus', 'fumigatus')",1
1035,GH38,Aspergillus,"('GCA_002234955.1', 'Fungi', 'Aspergillus', 'fumigatus')",1
1036,GH47,Aspergillus,"('GCA_002234955.1', 'Fungi', 'Aspergillus', 'fumigatus')",5
1037,GH5,Aspergillus,"('GCA_002234955.1', 'Fungi', 'Aspergillus', 'fumigatus')",13
1038,GH63,Aspergillus,"('GCA_002234955.1', 'Fungi', 'Aspergillus', 'fumigatus')",1
1039,GH72,Aspergillus,"('GCA_002234955.1', 'Fungi', 'Aspergillus', 'fumigatus')",7
1040,GT1,Aspergillus,"('GCA_002234955.1', 'Fungi', 'Aspergillus', 'fumigatus')",5
1041,GT2,Aspergillus,"('GCA_002234955.1', 'Fungi', 'Aspergillus', 'fumigatus')",15
1042,GT20,Aspergillus,"('GCA_002234955.1', 'Fungi', 'Aspergillus', 'fumigatus')",7
1043,GT22,Aspergillus,"('GCA_002234955.1', 'Fungi', 'Aspergillus', 'fumigatus')",4
1044,GT33,Aspergillus,"('GCA_002234955.1', 'Fungi', 'Aspergillus', 'fumigatus')",1
1045,GT4,Aspergillus,"('GCA_002234955.1', 'Fungi', 'Aspergillus', 'fumigatus')",5
1046,GT41,Aspergillus,"('GCA_002234955.1', 'Fungi', 'Aspergillus', 'fumigatus')",1
1047,GT48,Aspergillus,"('GCA_002234955.1', 'Fungi', 'Aspergillus', 'fumigatus')",1
1048,GT50,Aspergillus,"('GCA_002234955.1', 'Fungi', 'Aspergillus', 'fumigatus')",1
1049,GT57,Aspergillus,"('GCA_002234955.1', 'Fungi', 'Aspergillus', 'fumigatus')",2
1050,GT58,Aspergillus,"('GCA_002234955.1', 'Fungi', 'Aspergillus', 'fumigatus')",1
1051,GT66,Aspergillus,"('GCA_002234955.1', 'Fungi', 'Aspergillus', 'fumigatus')",1
1052,GT71,Aspergillus,"('GCA_002234955.1', 'Fungi', 'Aspergillus', 'fumigatus')",3
1053,AA3,Fusarium,"('GCA_003290285.1', 'Fungi', 'Fusarium', 'proliferatum')",28
1054,AA6,Fusarium,"('GCA_003290285.1', 'Fungi', 'Fusarium', 'proliferatum')",2
1055,CBM43,Fusarium,"('GCA_003290285.1', 'Fungi', 'Fusarium', 'proliferatum')",1
1056,GH0,Fusarium,"('GCA_003290285.1', 'Fungi', 'Fusarium', 'proliferatum')",3
1057,GH17,Fusarium,"('GCA_003290285.1', 'Fungi', 'Fusarium', 'proliferatum')",6
1058,GH2,Fusarium,"('GCA_003290285.1', 'Fungi', 'Fusarium', 'proliferatum')",10
1059,GH3,Fusarium,"('GCA_003290285.1', 'Fungi', 'Fusarium', 'proliferatum')",25
1060,GH31,Fusarium,"('GCA_003290285.1', 'Fungi', 'Fusarium', 'proliferatum')",8
1061,GH37,Fusarium,"('GCA_003290285.1', 'Fungi', 'Fusarium', 'proliferatum')",2
1062,GH38,Fusarium,"('GCA_003290285.1', 'Fungi', 'Fusarium', 'proliferatum')",1
1063,GH47,Fusarium,"('GCA_003290285.1', 'Fungi', 'Fusarium', 'proliferatum')",10
1064,GH5,Fusarium,"('GCA_003290285.1', 'Fungi', 'Fusarium', 'proliferatum')",19
1065,GH63,Fusarium,"('GCA_003290285.1', 'Fungi', 'Fusarium', 'proliferatum')",1
1066,GH72,Fusarium,"('GCA_003290285.1', 'Fungi', 'Fusarium', 'proliferatum')",3
1067,GT1,Fusarium,"('GCA_003290285.1', 'Fungi', 'Fusarium', 'proliferatum')",10
1068,GT2,Fusarium,"('GCA_003290285.1', 'Fungi', 'Fusarium', 'proliferatum')",20
1069,GT20,Fusarium,"('GCA_003290285.1', 'Fungi', 'Fusarium', 'proliferatum')",3
1070,GT22,Fusarium,"('GCA_003290285.1', 'Fungi', 'Fusarium', 'proliferatum')",4
1071,GT33,Fusarium,"('GCA_003290285.1', 'Fungi', 'Fusarium', 'proliferatum')",1
1072,GT4,Fusarium,"('GCA_003290285.1', 'Fungi', 'Fusarium', 'proliferatum')",5
1073,GT41,Fusarium,"('GCA_003290285.1', 'Fungi', 'Fusarium', 'proliferatum')",1
1074,GT48,Fusarium,"('GCA_003290285.1', 'Fungi', 'Fusarium', 'proliferatum')",1
1075,GT50,Fusarium,"('GCA_003290285.1', 'Fungi', 'Fusarium', 'proliferatum')",1
1076,GT57,Fusarium,"('GCA_003290285.1', 'Fungi', 'Fusarium', 'proliferatum')",2
1077,GT58,Fusarium,"('GCA_003290285.1', 'Fungi', 'Fusarium', 'proliferatum')",1
1078,GT66,Fusarium,"('GCA_003290285.1', 'Fungi', 'Fusarium', 'proliferatum')",1
1079,GT71,Fusarium,"('GCA_003290285.1', 'Fungi', 'Fusarium', 'proliferatum')",3
1080,AA3,Fusarium,"('GCA_002352725.1', 'Fungi', 'Fusarium', 'graminearum')",21
1081,AA6,Fusarium,"('GCA_002352725.1', 'Fungi', 'Fusarium', 'graminearum')",1
1082,CBM43,Fusarium,"('GCA_002352725.1', 'Fungi', 'Fusarium', 'graminearum')",1
1083,GH0,Fusarium,"('GCA_002352725.1', 'Fungi', 'Fusarium', 'graminearum')",2
1084,GH17,Fusarium,"('GCA_002352725.1', 'Fungi', 'Fusarium', 'graminearum')",6
1085,GH2,Fusarium,"('GCA_002352725.1', 'Fungi', 'Fusarium', 'graminearum')",10
1086,GH3,Fusarium,"('GCA_002352725.1', 'Fungi', 'Fusarium', 'graminearum')",20
1087,GH31,Fusarium,"('GCA_002352725.1', 'Fungi', 'Fusarium', 'graminearum')",7
1088,GH37,Fusarium,"('GCA_002352725.1', 'Fungi', 'Fusarium', 'graminearum')",2
1089,GH38,Fusarium,"('GCA_002352725.1', 'Fungi', 'Fusarium', 'graminearum')",1
1090,GH47,Fusarium,"('GCA_002352725.1', 'Fungi', 'Fusarium', 'graminearum')",10
1091,GH5,Fusarium,"('GCA_002352725.1', 'Fungi', 'Fusarium', 'graminearum')",14
1092,GH63,Fusarium,"('GCA_002352725.1', 'Fungi', 'Fusarium', 'graminearum')",1
1093,GH72,Fusarium,"('GCA_002352725.1', 'Fungi', 'Fusarium', 'graminearum')",3
1094,GT1,Fusarium,"('GCA_002352725.1', 'Fungi', 'Fusarium', 'graminearum')",12
1095,GT2,Fusarium,"('GCA_002352725.1', 'Fungi', 'Fusarium', 'graminearum')",18
1096,GT20,Fusarium,"('GCA_002352725.1', 'Fungi', 'Fusarium', 'graminearum')",3
1097,GT22,Fusarium,"('GCA_002352725.1', 'Fungi', 'Fusarium', 'graminearum')",4
1098,GT33,Fusarium,"('GCA_002352725.1', 'Fungi', 'Fusarium', 'graminearum')",1
1099,GT4,Fusarium,"('GCA_002352725.1', 'Fungi', 'Fusarium', 'graminearum')",5
1100,GT41,Fusarium,"('GCA_002352725.1', 'Fungi', 'Fusarium', 'graminearum')",1
1101,GT48,Fusarium,"('GCA_002352725.1', 'Fungi', 'Fusarium', 'graminearum')",1
1102,GT50,Fusarium,"('GCA_002352725.1', 'Fungi', 'Fusarium', 'graminearum')",1
1103,GT57,Fusarium,"('GCA_002352725.1', 'Fungi', 'Fusarium', 'graminearum')",2
1104,GT58,Fusarium,"('GCA_002352725.1', 'Fungi', 'Fusarium', 'graminearum')",1
1105,GT66,Fusarium,"('GCA_002352725.1', 'Fungi', 'Fusarium', 'graminearum')",1
1106,GT71,Fusarium,"('GCA_002352725.1', 'Fungi', 'Fusarium', 'graminearum')",4
